id,Timestamp,Daily Time Spent on Site,Age,Area Income,Daily Internet Usage,Ad Topic Line,gender,Country,Clicked
1200,2016-01-01 02:52:10,80.67,34,58909.36,239.76,Seamless impactful info-mediaries,0,Portugal,0
1201,2016-01-01 03:35:35,68.01,25,68357.96,188.32,Ameliorated actuating workforce,1,Afghanistan,0
1202,2016-01-01 05:31:22,80.94,36,60803.0,239.94,Self-enabling local strategy,0,Bermuda,0
1203,2016-01-01 08:27:06,78.77,28,63497.62,211.83,Public-key intangible Graphical User Interface,0,Guam,0
1204,2016-01-01 15:14:24,36.56,29,42838.29,195.89,Team-oriented bi-directional secured line,0,Uganda,1
1205,2016-01-01 20:17:49,55.79,36,,175.17,Monitored systematic hierarchy,0,Mongolia,1
1206,2016-01-01 20:17:49,46.61,42,65856.74,136.18,Progressive intermediate throughput,0,Ethiopia,1
1207,2016-01-01 21:58:55,75.32,28,59998.5,233.6,Reduced mobile structure,1,Mauritius,0
1208,2016-01-02 04:50:44,79.36,33,62330.75,234.72,Cross-platform directional intranet,1,Gambia,0
1209,2016-01-02 09:30:11,73.1,59,,254.34,Enterprise-wide incremental Internet solution,1,Guyana,1
1210,2016-01-02 09:30:11,81.21,36,63394.41,233.04,User-friendly content-based customer loyalty,0,Turkmenistan,0
1211,2016-01-02 12:25:36,44.96,50,52802.0,132.71,Focused fresh-thinking Graphic Interface,1,Heard Island and McDonald Islands,1
1212,2016-01-02 14:36:03,83.26,40,70225.6,187.76,Decentralized foreground infrastructure,1,Tonga,0
1213,2016-01-03 03:22:15,86.06,42,,108.18,Public-key disintermediate emulation,0,Czech Republic,0
1214,2016-01-03 03:22:15,39.85,38,31343.39,145.96,Profit-focused dedicated utilization,0,Vietnam,1
1215,2016-01-03 04:39:47,35.25,50,47051.02,194.44,Intuitive global website,0,Iran,1
1216,2016-01-03 05:34:33,50.08,30,41629.86,123.91,Sharable grid-enabled matrix,0,Fiji,1
1217,2016-01-03 07:13:53,65.07,24,57545.56,233.85,Multi-lateral multi-state encryption,0,Mali,0
1218,2016-01-03 16:01:40,51.24,36,76368.31,176.73,Versatile transitional monitoring,0,Cuba,1
1219,2016-01-03 16:30:51,76.58,46,41884.64,258.26,Secured 24hour policy,0,Uzbekistan,0
1220,2016-01-03 17:10:05,88.72,32,43870.51,211.87,Customer-focused system-worthy superstructure,1,Zambia,0
1221,2016-01-03 23:21:26,72.8,35,63551.67,249.54,Public-key solution-oriented focus group,0,Puerto Rico,0
1222,2016-01-03 23:21:26,56.56,21,,219.69,Self-enabling zero administration neural-net,0,Canada,0
1223,2016-01-04 00:44:57,48.86,35,62463.7,128.37,Universal empowering adapter,1,Saint Martin,1
1224,2016-01-04 04:00:35,83.16,41,70185.06,194.95,Decentralized 24hour approach,0,Finland,0
1225,2016-01-04 04:00:35,32.91,39,,195.91,Robust transitional ability,0,Japan,1
1226,2016-01-04 06:37:15,73.88,29,63109.74,233.61,Digitized zero-defect implementation,0,Saint Helena,0
1227,2016-01-04 06:37:15,81.1,27,,152.49,Horizontal incremental website,0,Hungary,0
1228,2016-01-04 07:28:43,66.89,23,64433.99,208.24,Universal incremental array,1,Honduras,0
1229,2016-01-04 07:28:43,71.03,26,,140.39,Polarized dynamic throughput,1,Bulgaria,1
1230,2016-01-04 21:48:38,84.53,27,40763.13,168.34,Stand-alone tangible moderator,0,Guatemala,1
1231,2016-01-04 22:27:25,83.91,29,53223.58,222.87,Distributed bifurcated challenge,0,Burundi,0
1232,2016-01-05 00:02:53,46.37,52,32847.53,144.27,De-engineered solution-oriented open architecture,0,French Guiana,1
1233,2016-01-05 04:18:46,49.81,35,57009.76,120.06,Seamless real-time array,1,Faroe Islands,1
1234,2016-01-05 04:18:46,77.89,41,,201.15,Front-line fresh-thinking installation,0,Reunion,0
1235,2016-01-05 06:34:20,76.44,26,58820.16,224.2,Distributed intangible database,1,Madagascar,0
1236,2016-01-05 07:52:48,77.22,30,64802.33,224.44,Object-based reciprocal knowledgebase,1,Cameroon,0
1237,2016-01-05 09:42:22,84.0,49,,227.56,Mandatory 4thgeneration structure,1,Tokelau,0
1238,2016-01-05 09:42:22,61.22,45,63883.81,119.03,Streamlined logistical secured line,1,Switzerland,1
1239,2016-01-05 11:53:17,71.23,52,41521.28,122.59,Self-enabling zero administration neural-net,0,Sweden,1
1240,2016-01-05 12:59:07,54.35,28,,123.8,Organic motivating model,1,Algeria,0
1241,2016-01-05 12:59:07,65.56,25,69646.35,181.25,Stand-alone explicit orchestration,1,Somalia,0
1242,2016-01-05 16:26:44,45.11,58,39799.73,195.69,Sharable reciprocal project,0,Netherlands,1
1243,2016-01-05 16:34:31,79.54,44,70492.6,217.68,Centralized multi-state hierarchy,1,Cambodia,0
1244,2016-01-05 17:56:52,56.64,38,61652.53,115.91,Down-sized uniform info-mediaries,0,Montserrat,1
1245,2016-01-05 17:56:52,76.02,47,,203.3,Face-to-face multimedia success,0,Bahamas,0
1246,2016-01-05 20:58:42,78.29,38,57844.96,252.07,Networked regional Local Area Network,0,Liberia,0
1247,2016-01-06 13:20:01,81.03,28,63727.5,201.15,Persevering tertiary capability,0,Venezuela,0
1248,2016-01-06 21:43:22,58.95,28,,172.81,Seamless cohesive conglomeration,0,Bahamas,1
1249,2016-01-06 21:43:22,84.31,29,47139.21,225.87,Object-based optimal solution,0,Djibouti,0
1250,2016-01-07 13:25:21,81.22,53,34309.24,223.09,Networked coherent interface,1,San Marino,0
1251,2016-01-07 13:58:51,51.56,46,63102.19,124.85,Business-focused client-driven forecast,0,Australia,1
1252,2016-01-07 19:16:05,51.5,33,,202.18,Polarized analyzing concept,1,Bouvet Island (Bouvetoya),0
1253,2016-01-07 19:16:05,41.73,28,61142.33,202.18,Sharable dedicated Graphic Interface,1,Cuba,1
1254,2016-01-07 21:21:50,68.11,38,73884.48,231.21,Reactive national success,0,Seychelles,0
1255,2016-01-07 21:21:50,81.9,35,,192.57,Expanded value-added emulation,0,Haiti,1
1256,2016-01-07 23:02:43,66.08,61,58966.22,184.23,Synchronized multi-tasking ability,1,Cuba,1
1257,2016-01-07 23:02:43,42.44,36,,182.11,Realigned systematic function,0,Cuba,0
1258,2016-01-08 00:17:27,63.89,40,51317.33,105.22,Synchronized user-facing core,0,Rwanda,1
1259,2016-01-08 02:34:06,80.51,28,64008.55,200.28,Robust dedicated system engine,1,Bangladesh,0
1260,2016-01-08 08:08:47,78.76,24,46422.76,219.98,Reactive interactive protocol,1,Austria,0
1261,2016-01-08 08:08:47,76.07,32,,142.04,Decentralized attitude-oriented interface,0,Russian Federation,1
1262,2016-01-08 09:32:26,44.33,37,52723.34,123.72,Visionary maximized process improvement,1,Trinidad and Tobago,1
1263,2016-01-08 18:13:43,53.63,54,50333.72,126.29,Front-line zero-defect array,1,Liberia,1
1264,2016-01-08 18:13:43,52.7,44,,136.4,Quality-focused hybrid frame,1,Libyan Arab Jamahiriya,0
1265,2016-01-08 19:38:45,79.97,26,61747.98,185.45,Down-sized explicit budgetary management,1,Nepal,0
1266,2016-01-08 22:47:10,39.94,41,64927.19,156.3,Function-based optimizing protocol,0,Lithuania,1
1267,2016-01-09 03:45:19,57.05,41,50278.89,269.96,Seamless full-range website,1,Sierra Leone,1
1268,2016-01-09 03:45:19,63.45,43,,198.86,Balanced actuating moderator,1,Guam,1
1269,2016-01-09 04:53:22,56.7,48,62784.85,123.13,Progressive non-volatile neural-net,0,France,1
1270,2016-01-09 04:53:22,84.73,38,,172.1,Open-architected intangible strategy,0,India,1
1271,2016-01-09 05:44:56,46.13,46,37838.72,123.64,Horizontal hybrid challenge,1,Guyana,1
1272,2016-01-09 07:28:16,87.3,35,58337.18,216.87,Triple-buffered regional toolset,0,Estonia,0
1273,2016-01-09 15:49:28,82.7,35,61383.79,231.07,Visionary multi-tasking alliance,0,Somalia,0
1274,2016-01-09 15:49:28,55.13,33,,183.42,De-engineered attitude-oriented projection,0,Fiji,1
1275,2016-01-09 17:33:03,62.18,23,,221.98,Future-proofed coherent budgetary management,1,France,0
1276,2016-01-09 17:33:03,48.86,54,53188.69,134.46,Proactive encompassing paradigm,0,French Guiana,1
1277,2016-01-10 02:31:19,74.15,29,54806.18,245.89,Triple-buffered reciprocal time-frame,1,Italy,0
1278,2016-01-10 20:18:21,54.88,38,,156.54,Intuitive global website,1,Greece,0
1279,2016-01-10 20:18:21,79.18,31,58443.99,236.96,Open-source holistic productivity,0,Algeria,0
1280,2016-01-10 23:14:30,66.18,55,28271.84,143.42,Vision-oriented contextually-based extranet,0,Svalbard & Jan Mayen Islands,1
1281,2016-01-11 02:07:14,78.35,46,53185.34,253.48,Pre-emptive client-server open system,0,Brazil,0
1282,2016-01-11 02:07:14,39.94,24,,123.51,Universal empowering adapter,0,Latvia,1
1283,2016-01-11 06:02:27,72.45,29,72325.91,195.36,Centralized 24hour synergy,1,Svalbard & Jan Mayen Islands,0
1284,2016-01-11 07:36:22,43.6,38,20856.54,170.49,Virtual bandwidth-monitored initiative,0,Chile,1
1285,2016-01-11 08:18:12,63.99,43,72802.42,138.46,Ameliorated bandwidth-monitored contingency,0,Haiti,1
1286,2016-01-11 12:46:31,71.27,21,50147.72,216.03,Quality-focused bi-directional throughput,1,Senegal,0
1287,2016-01-12 03:28:31,67.91,23,55002.05,146.8,Re-engineered non-volatile neural-net,1,Latvia,1
1288,2016-01-12 10:07:29,77.05,36,,129.33,Profit-focused secondary portal,1,Argentina,0
1289,2016-01-12 10:07:29,43.49,47,50335.46,127.83,User-centric intangible task-force,0,Belize,1
1290,2016-01-12 21:17:15,69.86,25,50506.44,241.36,Triple-buffered foreground encryption,0,New Zealand,0
1291,2016-01-13 02:39:00,59.22,55,39131.53,126.39,Polarized 5thgeneration matrix,1,Honduras,1
1292,2016-01-13 02:58:27,84.08,30,62336.39,187.36,Face-to-face intermediate approach,1,Fiji,0
1293,2016-01-13 20:38:35,35.55,39,51593.46,151.18,Robust object-oriented Graphic Interface,0,Micronesia,1
1294,2016-01-14 00:23:10,50.63,24,,133.9,Versatile scalable encryption,0,United States of America,1
1295,2016-01-14 00:23:10,75.7,29,67633.44,215.44,Profound zero administration instruction set,0,United States Minor Outlying Islands,0
1296,2016-01-14 08:27:04,59.96,33,77143.61,197.66,Expanded modular application,0,Samoa,1
1297,2016-01-14 09:27:59,44.33,41,43386.07,120.63,Ergonomic empowering frame,0,Guyana,1
1298,2016-01-14 09:27:59,77.44,34,,184.98,Pre-emptive systematic budgetary management,1,Moldova,0
1299,2016-01-14 14:00:09,55.6,23,30227.98,212.58,Multi-layered 4thgeneration knowledge user,0,Senegal,1
1300,2016-01-14 16:30:38,74.84,37,64775.1,246.44,User-friendly impactful time-frame,1,Mongolia,0
1301,2016-01-14 20:58:10,39.36,29,52462.04,161.79,Mandatory disintermediate info-mediaries,1,Bahamas,1
1302,2016-01-15 01:20:05,81.37,33,66412.04,215.04,Enhanced regional conglomeration,0,Vietnam,0
1303,2016-01-15 01:20:05,72.94,36,,136.21,Face-to-face responsive alliance,1,Timor-Leste,0
1304,2016-01-15 19:40:47,79.51,32,,112.52,Horizontal multi-state interface,1,Czech Republic,0
1305,2016-01-15 19:40:47,44.46,42,30487.48,132.66,Intuitive zero-defect framework,1,Mongolia,1
1306,2016-01-15 19:45:33,42.51,30,54755.71,144.77,Grass-roots transitional flexibility,1,Palestinian Territory,1
1307,2016-01-15 22:49:45,50.6,48,65956.71,135.67,Customer-focused fault-tolerant implementation,0,Brazil,1
1308,2016-01-15 22:49:45,46.98,30,,121.07,Object-based optimal solution,0,Trinidad and Tobago,0
1309,2016-01-16 08:01:40,73.41,31,73049.3,201.26,Profound executive flexibility,1,Guam,0
1310,2016-01-16 11:35:01,38.35,25,,231.54,Fundamental tangible moratorium,0,Swaziland,0
1311,2016-01-16 11:35:01,75.74,25,61005.87,215.25,Ergonomic multi-state structure,1,Tunisia,0
1312,2016-01-16 16:40:30,78.68,29,66225.72,208.05,Inverse high-level capability,0,Israel,0
1313,2016-01-16 17:56:05,78.64,31,60283.47,235.28,Integrated client-server definition,1,Nicaragua,0
1314,2016-01-16 17:56:05,75.0,28,,164.02,Assimilated hybrid initiative,1,Slovakia (Slovak Republic),0
1315,2016-01-16 23:37:51,66.63,60,60333.38,176.98,User-friendly upward-trending intranet,0,Madagascar,1
1316,2016-01-17 04:12:30,80.96,39,67866.95,225.0,Integrated leadingedge frame,1,Wallis and Futuna,0
1317,2016-01-17 05:07:11,45.44,50,,182.84,Multi-layered user-facing paradigm,0,Vanuatu,0
1318,2016-01-17 05:07:11,82.72,31,65704.79,179.82,Cross-group global orchestration,0,Belarus,0
1319,2016-01-17 09:31:36,33.33,45,53350.11,193.58,Pre-emptive value-added workforce,1,Guinea-Bissau,1
1320,2016-01-17 13:27:13,78.51,25,59106.12,205.71,Focused web-enabled Graphical User Interface,1,Greece,0
1321,2016-01-17 15:10:31,75.83,24,58019.64,162.44,Diverse stable circuit,0,Nauru,0
1322,2016-01-17 18:45:55,88.85,40,58363.12,213.96,Cloned optimal leverage,0,Bulgaria,0
1323,2016-01-18 02:51:13,40.19,37,55358.88,136.99,Right-sized system-worthy project,0,France,1
1324,2016-01-18 15:18:01,57.64,36,37212.54,110.25,Robust web-enabled attitude,1,Chile,1
1325,2016-01-19 12:18:13,73.19,25,64267.88,203.74,Cloned incremental matrices,1,Pakistan,0
1326,2016-01-20 00:26:15,66.17,33,69869.66,238.45,Cross-group neutral synergy,0,Panama,0
1327,2016-01-20 02:31:36,68.95,31,,149.67,Synchronized zero tolerance product,0,Sao Tome and Principe,0
1328,2016-01-20 02:31:36,74.18,28,69874.18,203.87,Front-line even-keeled website,0,Cayman Islands,0
1329,2016-01-20 19:09:37,35.61,39,,216.03,Programmable uniform productivity,0,Honduras,0
1330,2016-01-20 19:09:37,79.15,26,62312.23,203.23,Intuitive explicit conglomeration,0,Greenland,0
1331,2016-01-21 04:30:43,75.8,36,71222.4,224.9,Multi-layered fresh-thinking neural-net,0,Belize,0
1332,2016-01-21 18:51:01,77.14,24,60283.98,184.88,Horizontal heuristic synergy,1,Iceland,0
1333,2016-01-21 22:51:34,67.85,41,78520.99,202.7,Reactive tangible contingency,1,Saint Helena,1
1334,2016-01-21 23:33:22,48.46,49,61230.03,132.38,Devolved human-resource circuit,1,Indonesia,1
1335,2016-01-21 23:33:22,76.83,50,,151.63,Re-engineered demand-driven capacity,0,Turkmenistan,0
1336,2016-01-21 23:48:29,77.05,27,66624.6,191.14,Reduced bi-directional strategy,0,United Arab Emirates,0
1337,2016-01-21 23:48:29,87.27,36,,227.53,Persevering even-keeled help-desk,1,Faroe Islands,0
1338,2016-01-22 12:58:14,70.09,21,54725.87,211.17,Automated full-range Internet solution,0,Belarus,0
1339,2016-01-22 15:03:25,44.15,28,48867.67,141.96,Proactive secondary monitoring,1,Martinique,1
1340,2016-01-22 19:43:53,56.16,25,66429.84,164.25,Seamless motivating approach,1,Cote d'Ivoire,1
1341,2016-01-23 01:42:28,69.01,36,,119.47,Synergized context-sensitive database,1,Andorra,0
1342,2016-01-23 01:42:28,76.07,36,68033.54,235.56,Implemented bottom-line implementation,0,Denmark,0
1343,2016-01-23 04:47:37,78.37,24,55015.08,207.27,Quality-focused zero-defect budgetary management,0,Pakistan,0
1344,2016-01-23 13:14:18,56.57,26,56435.6,131.98,Multi-channeled non-volatile website,0,Senegal,1
1345,2016-01-23 15:02:13,50.52,31,72270.88,171.62,Function-based stable alliance,0,New Caledonia,1
1346,2016-01-23 17:39:06,39.25,39,62378.05,152.36,Customer-focused incremental system engine,0,Mayotte,1
1347,2016-01-23 18:59:21,62.14,41,59397.89,110.93,Upgradable multi-tasking initiative,1,Angola,1
1348,2016-01-23 21:15:57,39.19,54,52581.16,173.05,Stand-alone empowering benchmark,0,Guatemala,1
1349,2016-01-24 01:53:14,73.94,26,55411.06,236.15,Front-line non-volatile implementation,1,Isle of Man,0
1350,2016-01-24 01:53:14,83.4,42,,138.87,Exclusive cohesive intranet,1,Eritrea,1
1351,2016-01-24 13:41:38,67.39,44,51257.26,107.19,Realigned intermediate application,0,Armenia,1
1352,2016-01-25 07:39:41,48.09,52,,181.25,Reverse-engineered well-modulated capability,0,Martinique,1
1353,2016-01-25 07:39:41,43.77,52,49030.03,138.55,Synergized hybrid time-frame,1,Portugal,1
1354,2016-01-25 07:52:53,73.1,28,57014.84,242.37,Universal asymmetric archive,0,Israel,0
1355,2016-01-26 02:47:17,87.35,35,58114.3,158.29,Cloned dedicated analyzer,1,Gibraltar,0
1356,2016-01-26 03:56:18,37.47,44,45716.48,141.89,Realigned content-based leverage,1,Czech Republic,1
1357,2016-01-26 15:56:55,89.0,37,52079.18,222.26,Devolved regional moderator,1,Cyprus,0
1358,2016-01-27 12:38:16,76.02,22,46179.97,209.82,Business-focused value-added definition,0,Bouvet Island (Bouvetoya),0
1359,2016-01-27 14:41:10,45.17,48,34418.09,132.07,Down-sized background groupware,1,Palau,1
1360,2016-01-27 16:06:05,72.82,34,75769.82,191.82,User-centric discrete success,1,Czech Republic,0
1361,2016-01-27 16:06:05,74.61,37,,244.23,Innovative regional structure,0,Niue,1
1362,2016-01-27 17:08:19,85.37,36,66262.59,194.56,Front-line system-worthy flexibility,1,Netherlands Antilles,0
1363,2016-01-27 17:08:19,89.34,57,,223.93,Enhanced system-worthy toolset,1,Luxembourg,1
1364,2016-01-27 17:55:44,81.58,41,55479.62,248.16,Cloned explicit middleware,0,Moldova,0
1365,2016-01-27 17:55:44,37.75,49,,125.45,Public-key solution-oriented focus group,0,Guam,0
1366,2016-01-27 18:25:42,44.73,35,55316.97,127.56,Object-based neutral policy,1,Guam,1
1367,2016-01-27 20:47:57,84.29,41,60638.38,232.54,Re-contextualized systemic time-frame,0,Niue,0
1368,2016-01-28 07:10:29,58.6,50,45400.5,113.7,Organic asynchronous hierarchy,0,Samoa,1
1369,2016-01-28 11:50:40,36.87,36,29398.61,195.91,Self-enabling incremental collaboration,0,Anguilla,1
1370,2016-01-28 16:42:36,39.5,31,49911.25,148.19,Operative multi-tasking Graphic Interface,1,Micronesia,1
1371,2016-01-28 16:42:36,79.15,20,,228.81,Reactive impactful challenge,1,Taiwan,1
1372,2016-01-28 17:03:54,52.13,50,40926.93,118.27,Open-source even-keeled database,1,Ethiopia,1
1373,2016-01-28 20:59:32,88.91,33,53852.85,208.36,Enhanced dedicated support,0,Myanmar,0
1374,2016-01-29 00:45:19,49.13,32,41097.17,120.49,Optimized intermediate help-desk,0,Fiji,1
1375,2016-01-29 03:54:19,41.28,50,50960.08,140.39,Universal 24/7 implementation,0,Equatorial Guinea,1
1376,2016-01-29 05:39:16,43.83,45,35684.82,129.01,Total human-resource flexibility,0,Saudi Arabia,1
1377,2016-01-29 07:14:04,73.15,25,64631.22,211.12,Face-to-face executive encryption,1,Libyan Arab Jamahiriya,0
1378,2016-01-29 20:16:54,73.27,32,67113.46,234.75,Streamlined analyzing initiative,1,Martinique,0
1379,2016-01-30 00:05:37,88.82,36,58638.75,169.1,Assimilated discrete strategy,0,Slovakia (Slovak Republic),0
1380,2016-01-30 04:38:41,73.3,36,68211.35,135.72,Adaptive asynchronous attitude,1,Hungary,1
1381,2016-01-30 09:54:03,43.97,36,68863.95,156.97,User-friendly grid-enabled analyzer,1,Indonesia,1
1382,2016-01-30 16:10:04,75.32,45,,152.36,Virtual bandwidth-monitored initiative,1,Kazakhstan,1
1383,2016-01-30 16:10:04,78.11,27,63296.87,209.25,Progressive analyzing attitude,1,Moldova,0
1384,2016-01-30 16:15:29,74.49,28,58996.12,237.34,Persevering eco-centric flexibility,0,Peru,0
1385,2016-01-30 19:20:41,55.39,37,23936.86,129.41,Customizable multi-tasking website,0,Palestinian Territory,1
1386,2016-01-30 19:20:41,69.96,51,,148.61,Total cohesive moratorium,1,Albania,0
1387,2016-01-31 04:10:20,80.91,32,61608.23,231.42,Enterprise-wide bi-directional secured line,0,Cuba,0
1388,2016-01-31 05:12:44,87.18,31,58287.86,193.6,Right-sized logistical middleware,0,Madagascar,0
1389,2016-01-31 06:14:10,78.19,30,62475.99,228.81,Triple-buffered needs-based Local Area Network,0,Libyan Arab Jamahiriya,0
1390,2016-01-31 08:50:38,52.7,41,41059.64,109.34,Team-oriented high-level orchestration,1,Zambia,1
1391,2016-01-31 08:50:38,45.96,30,,190.17,Mandatory disintermediate info-mediaries,0,Lebanon,1
1392,2016-01-31 09:57:34,74.27,37,65180.97,247.05,Monitored executive architecture,1,Burkina Faso,0
1393,2016-02-01 00:52:29,82.79,34,47997.75,132.08,Team-oriented zero-defect initiative,0,American Samoa,1
1394,2016-02-01 09:00:55,46.13,31,60248.97,139.01,Customer-focused optimizing moderator,0,Bouvet Island (Bouvetoya),1
1395,2016-02-01 14:37:34,40.17,26,47391.95,171.31,Visionary asymmetric encryption,1,Japan,1
1396,2016-02-01 17:24:57,51.63,51,42415.72,120.37,Expanded intangible solution,1,Mongolia,1
1397,2016-02-01 19:42:40,67.58,41,65044.59,255.61,Focused high-level conglomeration,1,Mayotte,0
1398,2016-02-01 20:30:35,52.62,50,73863.25,176.52,Enterprise-wide foreground emulation,0,Seychelles,1
1399,2016-02-02 04:57:50,89.8,36,57330.43,198.24,User-centric attitude-oriented adapter,0,Lesotho,0
1400,2016-02-02 08:55:26,59.21,35,73347.67,144.62,Managed disintermediate matrices,1,Liechtenstein,1
1401,2016-02-02 11:49:18,83.97,40,66291.67,158.42,Progressive asynchronous adapter,1,Croatia,0
1402,2016-02-02 19:59:17,57.2,34,,234.81,Enhanced tertiary utilization,1,Somalia,1
1403,2016-02-02 19:59:17,36.62,32,51119.93,162.44,Customer-focused solution-oriented software,1,Poland,1
1404,2016-02-03 04:21:14,73.88,31,,135.51,Upgradable heuristic system engine,1,Jamaica,0
1405,2016-02-03 04:21:14,41.89,38,68519.96,163.38,Compatible systemic function,0,Cyprus,1
1406,2016-02-03 05:47:09,37.05,39,49742.83,142.81,Automated object-oriented firmware,1,Antigua and Barbuda,1
1407,2016-02-03 05:47:09,65.56,41,,152.24,Open-architected needs-based customer loyalty,1,Bosnia and Herzegovina,0
1408,2016-02-03 07:59:16,56.14,38,32689.04,113.53,Devolved tangible approach,1,Ireland,1
1409,2016-02-03 10:40:27,82.12,52,28679.93,201.15,Fully-configurable client-driven customer loyalty,1,Germany,1
1410,2016-02-03 15:15:42,89.66,34,52802.58,171.23,Advanced didactic conglomeration,1,Armenia,0
1411,2016-02-03 16:54:33,42.04,49,67323.0,182.11,Organic logistical adapter,0,Qatar,1
1412,2016-02-03 19:12:51,56.3,49,67430.96,135.24,Fully-configurable high-level implementation,1,New Caledonia,1
1413,2016-02-03 22:11:13,56.56,26,68783.45,204.47,Compatible composite project,1,Grenada,0
1414,2016-02-03 23:47:56,71.89,23,61617.98,172.81,Function-based transitional complexity,1,Kuwait,0
1415,2016-02-04 02:13:52,72.08,32,,195.56,Distributed tertiary system engine,0,Christmas Island,1
1416,2016-02-04 02:13:52,80.46,27,61625.87,207.96,Digitized zero administration paradigm,1,Costa Rica,0
1417,2016-02-04 03:10:17,54.55,44,41547.62,109.04,Re-engineered optimal policy,0,Canada,1
1418,2016-02-04 08:53:37,46.88,54,43444.86,136.64,Virtual scalable secured line,0,Singapore,1
1419,2016-02-04 13:30:32,77.65,27,63274.88,212.79,Horizontal client-driven hierarchy,0,Papua New Guinea,0
1420,2016-02-05 15:26:37,43.41,28,59144.02,160.73,Customer-focused zero-defect process improvement,0,Egypt,1
1421,2016-02-05 16:50:58,68.1,40,74903.41,227.73,Reactive composite project,1,Honduras,0
1422,2016-02-05 19:06:01,83.86,31,64122.36,190.25,Up-sized executive moderator,0,Gibraltar,0
1423,2016-02-06 17:48:28,61.82,59,57877.15,151.93,Open-architected needs-based customer loyalty,1,Barbados,1
1424,2016-02-06 17:48:28,71.14,50,,130.83,Self-enabling local strategy,0,Jersey,0
1425,2016-02-06 23:08:57,83.67,44,60192.72,234.26,Upgradable system-worthy array,1,Saint Helena,0
1426,2016-02-07 07:41:06,75.84,21,48537.18,186.98,Reactive bi-directional workforce,0,Cyprus,0
1427,2016-02-07 08:02:31,56.04,49,65120.86,128.95,Decentralized real-time circuit,1,Netherlands,1
1428,2016-02-07 17:06:35,58.21,37,47575.44,105.94,Open-source global strategy,0,Djibouti,1
1429,2016-02-08 00:23:38,81.38,31,64929.61,212.3,Balanced dynamic application,0,Saint Helena,0
1430,2016-02-08 07:33:22,73.94,28,,187.76,Streamlined logistical secured line,1,Turkmenistan,1
1431,2016-02-08 07:33:22,72.55,22,58953.01,202.34,Balanced empowering success,0,Bosnia and Herzegovina,0
1432,2016-02-08 10:46:14,48.53,28,38067.08,134.14,Ameliorated client-driven forecast,1,Tuvalu,1
1433,2016-02-08 14:02:22,39.76,28,35350.55,196.83,Integrated maximized service-desk,1,Liberia,1
1434,2016-02-08 22:45:26,59.01,30,75265.96,178.75,Focused multimedia implementation,1,Philippines,1
1435,2016-02-09 05:28:18,38.96,34,,190.71,Stand-alone eco-centric system engine,1,Brunei Darussalam,1
1436,2016-02-09 05:28:18,65.82,39,76435.3,221.94,Reactive demand-driven capacity,0,Ukraine,0
1437,2016-02-09 07:21:25,49.84,39,45800.48,111.59,Reduced multimedia project,0,Samoa,1
1438,2016-02-09 19:37:52,68.88,37,78119.5,179.58,Advanced 5thgeneration capability,0,Belgium,0
1439,2016-02-09 22:04:54,68.18,21,48376.14,218.17,Switchable 3rdgeneration hub,1,Czech Republic,0
1440,2016-02-09 23:38:30,76.64,39,66217.31,241.5,Reverse-engineered web-enabled support,1,Poland,0
1441,2016-02-10 06:37:56,58.18,25,69112.84,176.28,Polarized analyzing concept,1,New Zealand,0
1442,2016-02-10 06:52:07,72.04,22,60309.58,199.43,Realigned systematic function,0,Rwanda,0
1443,2016-02-10 08:21:13,86.76,28,48679.54,189.91,Object-based leadingedge complexity,0,Syrian Arab Republic,0
1444,2016-02-10 13:46:35,73.94,27,68333.01,173.49,Function-based incremental standardization,0,Myanmar,0
1445,2016-02-10 15:23:17,42.44,56,43450.11,168.27,Profit-focused attitude-oriented task-force,0,Tajikistan,1
1446,2016-02-10 19:20:51,78.7,30,53441.69,133.99,Compatible intangible customer loyalty,0,Turkey,1
1447,2016-02-10 20:43:38,45.82,27,64410.8,171.24,Expanded full-range synergy,1,Eritrea,1
1448,2016-02-10 20:43:38,36.91,39,,161.16,Enterprise-wide foreground emulation,0,Namibia,1
1449,2016-02-11 02:40:02,58.22,29,37345.24,120.9,User-friendly client-server instruction set,0,South Africa,1
1450,2016-02-11 04:37:34,69.0,32,72683.35,221.21,Virtual composite model,1,Trinidad and Tobago,0
1451,2016-02-11 11:50:26,87.16,33,60805.93,197.15,Reduced holistic help-desk,0,China,0
1452,2016-02-11 13:26:22,80.47,25,57519.64,204.86,Reduced global support,0,Niger,0
1453,2016-02-11 13:26:22,84.59,36,,245.89,Mandatory empowering focus group,1,China,1
1454,2016-02-11 16:45:41,55.74,37,26130.93,124.34,Networked asymmetric infrastructure,1,Hong Kong,1
1455,2016-02-11 17:02:07,50.78,51,49957.0,122.04,Vision-oriented asynchronous Internet solution,0,Liberia,1
1456,2016-02-11 20:45:46,43.07,36,60583.02,137.63,Monitored zero administration collaboration,1,Turkey,1
1457,2016-02-11 21:49:00,72.97,30,71384.57,208.58,Fundamental modular algorithm,1,Lebanon,1
1458,2016-02-11 23:45:01,64.2,27,66200.96,227.63,Phased zero tolerance extranet,1,Isle of Man,0
1459,2016-02-12 01:55:38,78.96,50,69868.48,193.15,Stand-alone well-modulated product,0,Cayman Islands,1
1460,2016-02-12 03:39:09,32.6,38,40159.2,190.05,Customizable homogeneous contingency,0,Syrian Arab Republic,1
1461,2016-02-12 05:20:19,55.6,53,,110.25,Persistent demand-driven interface,0,Chile,0
1462,2016-02-12 05:20:19,67.56,47,50628.31,109.98,Reduced background data-warehouse,0,Paraguay,1
1463,2016-02-12 08:46:15,57.99,50,62466.1,124.58,Innovative homogeneous alliance,0,Costa Rica,1
1464,2016-02-12 10:39:10,84.31,25,,123.25,Total local synergy,1,Netherlands Antilles,0
1465,2016-02-12 10:39:10,58.05,32,15879.1,195.54,Total asynchronous architecture,1,Tajikistan,1
1466,2016-02-12 20:36:40,77.2,33,49325.48,254.05,Persistent homogeneous framework,1,Philippines,0
1467,2016-02-12 20:36:40,83.07,34,,231.87,Face-to-face dedicated flexibility,0,Luxembourg,1
1468,2016-02-12 22:51:08,65.4,33,66699.12,247.31,Adaptive 24hour Graphic Interface,0,Palau,0
1469,2016-02-13 04:16:08,69.42,25,65791.17,213.38,Quality-focused hybrid frame,0,Lao People's Democratic Republic,0
1470,2016-02-13 07:53:55,54.7,36,31087.54,118.39,Grass-roots solution-oriented conglomeration,1,British Indian Ocean Territory (Chagos Archipelago),1
1471,2016-02-13 13:57:53,65.72,36,28275.48,120.12,Managed didactic flexibility,0,Saint Pierre and Miquelon,1
1472,2016-02-13 15:37:36,69.35,29,53431.35,252.77,Seamless 4thgeneration contingency,1,Argentina,0
1473,2016-02-14 03:50:52,80.49,40,67186.54,229.12,Balanced heuristic approach,1,Tanzania,0
1474,2016-02-14 04:14:13,42.32,29,63891.29,187.09,Digitized radical architecture,1,South Georgia and the South Sandwich Islands,1
1475,2016-02-14 06:51:43,66.89,25,,124.85,Streamlined non-volatile analyzer,0,Australia,0
1476,2016-02-14 06:51:43,44.64,36,55787.58,127.01,Up-sized incremental encryption,0,Belize,1
1477,2016-02-14 07:15:37,61.72,26,67279.06,218.49,Grass-roots systematic hardware,0,Venezuela,0
1478,2016-02-14 07:30:24,67.85,29,,231.42,Face-to-face methodical intranet,0,Saint Vincent and the Grenadines,0
1479,2016-02-14 07:30:24,60.94,41,76893.84,154.97,Fundamental fault-tolerant neural-net,0,Latvia,1
1480,2016-02-14 07:36:58,34.04,28,,113.69,Profound stable product,1,Norway,0
1481,2016-02-14 07:36:58,62.31,47,62722.57,119.3,Team-oriented encompassing portal,0,Turkey,1
1482,2016-02-14 10:06:49,56.39,58,32252.38,154.23,Programmable uniform website,0,Australia,1
1483,2016-02-14 11:36:08,73.49,38,67132.46,244.23,Organic 3rdgeneration encryption,0,Vanuatu,0
1484,2016-02-14 14:38:01,77.8,57,43708.88,152.94,Virtual executive implementation,0,Namibia,1
1485,2016-02-14 16:33:29,60.39,40,,119.86,Programmable empowering orchestration,0,Indonesia,1
1486,2016-02-14 16:33:29,64.67,51,24316.61,138.35,Horizontal incremental website,1,Togo,1
1487,2016-02-14 17:05:15,77.63,29,56113.37,239.22,Upgradable asynchronous circuit,0,Azerbaijan,0
1488,2016-02-14 22:23:30,64.88,42,70005.51,129.8,Customizable systematic service-desk,1,Equatorial Guinea,1
1489,2016-02-15 03:43:55,77.29,27,66265.34,201.24,Grass-roots 4thgeneration forecast,1,Tuvalu,0
1490,2016-02-15 05:35:54,73.71,23,56605.12,211.38,Inverse local hub,1,El Salvador,0
1491,2016-02-15 07:27:41,66.12,49,39031.89,113.8,Stand-alone motivating moratorium,0,Cote d'Ivoire,1
1492,2016-02-15 07:27:41,71.84,35,,108.16,Fully-configurable eco-centric frame,0,Bahamas,1
1493,2016-02-15 07:55:10,76.28,33,52686.47,254.34,Right-sized asynchronous website,0,Guadeloupe,0
1494,2016-02-15 12:25:28,81.37,26,53049.44,156.48,Business-focused responsive website,1,Kyrgyz Republic,0
1495,2016-02-15 12:25:28,81.37,38,,198.32,Team-oriented executive core,0,Christmas Island,1
1496,2016-02-15 14:13:47,81.99,33,61270.14,230.9,Inverse bi-directional knowledge user,0,French Polynesia,0
1497,2016-02-15 16:18:49,68.25,29,70324.8,220.08,Phased fault-tolerant definition,0,Greenland,0
1498,2016-02-15 16:52:04,74.59,23,40135.06,158.35,Phased clear-thinking encoding,1,United States Virgin Islands,1
1499,2016-02-15 20:41:05,81.29,28,33239.2,219.72,Synergized well-modulated Graphical User Interface,0,Mongolia,0
1500,2016-02-16 02:29:03,75.0,29,63965.16,230.36,Secured upward-trending benchmark,1,Eritrea,0
1501,2016-02-16 07:37:28,34.04,34,40182.84,174.88,Reverse-engineered context-sensitive emulation,1,El Salvador,1
1502,2016-02-16 09:11:27,53.68,47,56180.93,115.26,Operative stable moderator,1,Micronesia,1
1503,2016-02-16 12:05:45,75.94,27,53042.51,236.96,Future-proofed stable function,1,Italy,0
1504,2016-02-16 18:21:36,90.97,37,54520.14,180.77,Multi-lateral empowering throughput,0,Congo,0
1505,2016-02-17 07:00:38,89.71,48,51501.38,204.4,Versatile local forecast,1,Bahrain,0
1506,2016-02-17 07:00:38,80.53,22,,234.75,Vision-oriented system-worthy forecast,0,Uzbekistan,1
1507,2016-02-17 07:05:57,88.12,38,46653.75,230.91,Realigned next generation projection,0,Gibraltar,0
1508,2016-02-17 11:15:31,85.35,37,64235.51,161.42,Exclusive multi-state Internet solution,1,Ecuador,0
1509,2016-02-17 11:15:31,81.32,47,,119.93,Realigned intermediate application,1,Saint Lucia,1
1510,2016-02-17 11:42:00,65.19,36,75254.88,150.61,Cross-group regional website,0,Israel,1
1511,2016-02-17 13:16:33,47.23,42,,136.18,Diverse multi-tasking parallelism,1,Timor-Leste,0
1512,2016-02-17 13:16:33,37.68,52,53575.48,172.83,Organic leadingedge secured line,1,Turkmenistan,1
1513,2016-02-17 18:50:57,76.24,26,,166.31,Robust dedicated system engine,1,Uganda,1
1514,2016-02-17 18:50:57,68.6,33,68448.94,135.08,Focused high-level frame,0,Taiwan,1
1515,2016-02-17 20:22:49,64.79,30,42251.59,116.07,Visionary mission-critical application,0,Maldives,1
1516,2016-02-17 21:55:29,55.13,45,55605.92,111.71,Customizable executive software,0,Ukraine,1
1517,2016-02-17 23:47:00,43.49,19,,225.97,Universal contextually-based system engine,1,Cameroon,1
1518,2016-02-17 23:47:00,71.03,32,57846.68,120.85,Advanced systemic productivity,0,Netherlands Antilles,1
1519,2016-02-18 03:58:36,83.66,38,68877.02,175.14,Profound dynamic attitude,0,Syrian Arab Republic,0
1520,2016-02-18 22:42:33,71.83,40,22205.74,135.48,Diverse background ability,1,Rwanda,1
1521,2016-02-18 23:08:59,86.78,30,54952.42,170.13,Fundamental zero tolerance solution,1,United States of America,0
1522,2016-02-19 07:29:30,39.36,46,,110.84,Assimilated next generation firmware,1,Portugal,1
1523,2016-02-19 07:29:30,75.55,22,41851.38,169.4,Upgradable even-keeled challenge,0,Taiwan,1
1524,2016-02-19 13:26:24,60.75,42,69775.75,247.05,Fully-configurable systemic productivity,1,Guyana,0
1525,2016-02-19 20:49:27,60.83,19,40478.83,185.46,Versatile next generation pricing structure,1,Palestinian Territory,0
1526,2016-02-20 00:06:20,73.93,44,74180.05,218.22,Quality-focused scalable utilization,0,Niue,0
1527,2016-02-20 09:54:06,78.67,26,63319.99,195.56,Proactive 5thgeneration frame,0,Cambodia,0
1528,2016-02-20 10:52:51,56.66,42,72684.44,139.42,Upgradable asymmetric emulation,0,Dominican Republic,1
1529,2016-02-20 20:47:05,55.79,24,59550.05,149.67,Pre-emptive content-based focus group,0,Puerto Rico,1
1530,2016-02-21 05:23:28,80.47,42,70505.06,215.18,Grass-roots multimedia policy,1,Mali,0
1531,2016-02-21 05:23:28,47.23,35,,143.79,Seamless composite budgetary management,0,French Polynesia,0
1532,2016-02-21 07:42:48,84.73,30,39840.55,153.76,Synchronized leadingedge help-desk,0,Canada,1
1533,2016-02-21 13:11:08,78.79,32,68324.48,215.29,Stand-alone background open system,1,Uruguay,0
1534,2016-02-21 16:57:59,86.81,29,50820.74,199.62,Multi-channeled scalable moratorium,1,Turkmenistan,0
1535,2016-02-21 20:09:12,35.66,36,59240.24,172.57,Implemented uniform synergy,0,Svalbard & Jan Mayen Islands,1
1536,2016-02-21 20:09:12,50.6,28,,197.93,Cloned 5thgeneration orchestration,0,Trinidad and Tobago,1
1537,2016-02-21 23:07:11,55.46,37,42078.89,108.1,Exclusive systematic algorithm,0,Taiwan,1
1538,2016-02-22 07:04:05,91.15,38,36834.04,184.98,Robust uniform framework,0,Cyprus,0
1539,2016-02-23 13:55:48,39.86,28,51171.23,161.24,Ergonomic zero tolerance encoding,0,Ghana,1
1540,2016-02-23 13:55:48,71.4,24,,171.23,Realigned intangible benchmark,1,Western Sahara,0
1541,2016-02-23 17:37:46,68.72,27,66861.67,225.97,Fundamental tangible moratorium,0,Austria,0
1542,2016-02-24 00:44:44,83.98,36,68305.91,194.62,Profit-focused secondary portal,0,Zimbabwe,0
1543,2016-02-24 04:11:37,40.18,30,,217.1,Face-to-face analyzing encryption,1,Saint Helena,1
1544,2016-02-24 04:11:37,39.3,32,48335.2,145.73,Decentralized bottom-line help-desk,0,Lithuania,1
1545,2016-02-24 06:17:18,52.17,44,57594.7,115.37,Optional modular throughput,1,Equatorial Guinea,1
1546,2016-02-24 06:18:11,80.72,33,,230.18,Optimized coherent Internet solution,0,Belarus,0
1547,2016-02-24 06:18:11,85.26,32,55424.24,224.07,Reverse-engineered dynamic function,1,Netherlands Antilles,0
1548,2016-02-24 07:13:00,36.91,48,54645.2,159.69,Ameliorated coherent open architecture,0,Zimbabwe,1
1549,2016-02-24 10:36:43,82.79,32,54429.17,234.81,Distributed fault-tolerant service-desk,1,Brunei Darussalam,0
1550,2016-02-24 19:08:11,47.9,42,48467.68,114.53,Cross-group human-resource time-frame,0,United Kingdom,1
1551,2016-02-25 16:33:24,75.24,24,52252.91,226.49,Vision-oriented next generation solution,0,Vanuatu,0
1552,2016-02-26 01:18:44,75.92,22,38427.66,182.65,Monitored context-sensitive initiative,0,Russian Federation,0
1553,2016-02-26 01:18:44,63.88,22,,137.63,Open-source 5thgeneration leverage,1,Netherlands Antilles,0
1554,2016-02-26 04:57:14,70.66,43,63450.96,120.95,Versatile scalable encryption,1,Mauritius,1
1555,2016-02-26 06:00:16,77.36,41,49597.08,115.79,Fully-configurable asynchronous firmware,0,El Salvador,1
1556,2016-02-26 09:18:48,80.87,42,,156.97,Automated multi-state toolset,0,Tonga,0
1557,2016-02-26 09:18:48,70.58,26,56694.12,136.94,Proactive next generation knowledge user,0,Algeria,1
1558,2016-02-26 09:54:33,67.05,25,65421.39,220.92,Realigned scalable standardization,0,Finland,0
1559,2016-02-26 17:01:01,84.95,34,56379.3,230.36,Mandatory dedicated data-warehouse,0,Madagascar,0
1560,2016-02-26 17:14:14,75.42,26,63373.7,164.25,Optional regional throughput,1,Western Sahara,0
1561,2016-02-26 19:35:54,85.54,41,,135.72,Realigned 24/7 core,0,Slovakia (Slovak Republic),0
1562,2016-02-26 19:35:54,77.65,28,66198.66,208.01,Configurable impactful capacity,0,Ukraine,0
1563,2016-02-26 19:48:23,37.75,36,35466.8,225.24,Polarized dynamic throughput,0,Uzbekistan,1
1564,2016-02-26 22:46:43,69.62,20,50983.75,202.25,Business-focused encompassing neural-net,1,Qatar,0
1565,2016-02-26 23:44:44,74.62,31,,111.02,Re-engineered exuding frame,0,Wallis and Futuna,1
1566,2016-02-26 23:44:44,86.58,32,60151.77,195.93,Business-focused asynchronous budgetary management,1,Mexico,0
1567,2016-02-27 04:43:07,74.58,40,23821.72,135.51,Advanced 24/7 productivity,1,Russian Federation,1
1568,2016-02-27 08:52:50,56.64,29,55984.89,123.24,Versatile 6thgeneration parallelism,1,Zimbabwe,1
1569,2016-02-27 12:34:19,85.23,36,64238.71,212.92,Visionary client-driven installation,1,Senegal,0
1570,2016-02-27 13:51:44,76.06,26,,207.18,Devolved human-resource circuit,0,Bolivia,1
1571,2016-02-27 13:51:44,69.5,26,68348.99,203.84,Front-line systemic capability,0,Pakistan,0
1572,2016-02-27 15:04:52,45.99,33,51163.14,124.61,Face-to-face methodical intranet,1,Afghanistan,1
1573,2016-02-27 20:20:25,80.87,28,63528.8,203.3,Ameliorated local workforce,0,Uruguay,0
1574,2016-02-27 20:20:25,86.78,55,,111.71,Proactive actuating Graphical User Interface,0,Jersey,0
1575,2016-02-28 03:34:35,49.21,46,49206.4,115.6,Realigned 24/7 core,0,Mexico,1
1576,2016-02-28 06:41:44,72.45,34,,234.75,Multi-channeled asynchronous open system,1,Montenegro,1
1577,2016-02-28 06:41:44,43.67,31,25686.34,166.29,Automated directional function,1,Antarctica (the territory South of 60 deg S),1
1578,2016-02-28 09:31:31,54.96,42,59419.78,113.75,Public-key disintermediate emulation,1,Niger,1
1579,2016-02-28 09:31:31,68.25,35,,143.13,Virtual impactful algorithm,1,Barbados,0
1580,2016-02-28 18:52:44,81.25,44,,225.29,Configurable impactful firmware,0,Ghana,0
1581,2016-02-28 18:52:44,60.72,44,42995.8,105.69,Synergized context-sensitive database,0,Kuwait,1
1582,2016-02-28 22:02:14,79.53,33,61467.33,236.72,Profound well-modulated array,0,Indonesia,0
1583,2016-02-28 23:10:32,66.83,46,77871.75,196.17,Assimilated hybrid initiative,1,Cyprus,0
1584,2016-02-28 23:10:32,73.71,36,,254.05,Horizontal global leverage,0,Peru,1
1585,2016-02-28 23:21:22,39.96,35,53898.89,138.52,Phased leadingedge budgetary management,1,Pitcairn Islands,1
1586,2016-02-28 23:54:44,41.88,40,44217.68,126.11,Streamlined exuding adapter,1,Cyprus,1
1587,2016-02-29 11:00:06,81.46,29,51636.12,231.54,Intuitive fresh-thinking moderator,0,Ireland,0
1588,2016-02-29 12:31:57,72.01,31,57756.89,251.0,Horizontal multi-state interface,0,Angola,0
1589,2016-02-29 12:31:57,66.17,41,,219.98,Future-proofed holistic superstructure,0,Sweden,0
1590,2016-02-29 18:06:21,54.39,20,52563.22,171.9,Digitized content-based circuit,1,Guadeloupe,1
1591,2016-02-29 18:06:21,36.56,60,,128.17,Exclusive client-driven model,0,Cyprus,0
1592,2016-02-29 19:26:35,76.2,37,75044.35,178.51,Multi-layered fresh-thinking process improvement,0,Barbados,0
1593,2016-02-29 19:26:35,60.94,31,,221.18,Front-line systemic capability,1,Burundi,0
1594,2016-02-29 23:56:06,63.88,38,19991.72,136.85,Upgradable even-keeled hardware,0,Madagascar,1
1595,2016-03-01 10:01:35,77.07,40,44559.43,261.02,Face-to-face analyzing encryption,0,Afghanistan,0
1596,2016-03-01 22:06:37,40.01,53,51463.17,161.77,Sharable multimedia conglomeration,0,Ecuador,1
1597,2016-03-01 22:13:37,86.41,28,45593.93,207.48,Digitized static capability,1,Aruba,0
1598,2016-03-02 04:02:45,63.26,29,54787.37,120.46,Customizable holistic archive,1,Ethiopia,1
1599,2016-03-02 04:57:51,50.33,50,62657.53,133.2,Sharable analyzing alliance,1,Micronesia,1
1600,2016-03-02 05:11:01,59.88,30,75535.14,193.63,Reverse-engineered content-based intranet,1,French Polynesia,0
1601,2016-03-02 06:35:08,76.2,24,47258.59,228.81,Optimized coherent Internet solution,1,Japan,0
1602,2016-03-02 10:07:43,71.74,32,,160.73,Optional mission-critical functionalities,0,Mauritania,0
1603,2016-03-02 10:07:43,84.54,33,64902.47,204.02,Synchronized stable complexity,1,Moldova,0
1604,2016-03-02 15:39:02,60.39,45,38987.42,108.25,Front-line methodical utilization,1,Switzerland,1
1605,2016-03-03 02:59:37,67.8,30,39809.69,117.75,Team-oriented 6thgeneration extranet,1,Isle of Man,1
1606,2016-03-03 03:13:48,66.47,31,58037.66,256.39,Vision-oriented human-resource synergy,1,France,0
1607,2016-03-03 03:51:27,70.04,29,,129.41,Organized demand-driven knowledgebase,1,Belize,1
1608,2016-03-03 03:51:27,41.35,27,39193.45,162.46,Streamlined homogeneous analyzer,1,Colombia,1
1609,2016-03-03 20:20:32,44.13,40,33601.84,128.48,Ameliorated discrete extranet,1,Cuba,1
1610,2016-03-03 22:31:16,76.84,32,65883.39,231.59,Reduced incremental productivity,0,Singapore,0
1611,2016-03-04 08:48:29,81.67,28,62927.96,196.76,Visionary analyzing structure,1,Mauritania,0
1612,2016-03-04 10:13:48,42.32,37,,212.67,Compatible scalable emulation,0,Dominican Republic,1
1613,2016-03-04 10:13:48,75.83,27,67516.07,200.59,Managed upward-trending instruction set,0,Estonia,0
1614,2016-03-04 13:47:47,83.48,31,59340.99,222.72,Intuitive zero administration adapter,1,Philippines,0
1615,2016-03-04 14:10:12,83.42,25,49850.52,183.42,Advanced heuristic firmware,1,Austria,0
1616,2016-03-04 14:33:38,76.83,28,67990.84,192.81,Quality-focused 5thgeneration orchestration,0,Ecuador,0
1617,2016-03-05 12:03:41,63.18,45,39211.49,107.92,Reactive upward-trending migration,0,Georgia,1
1618,2016-03-05 20:53:19,43.16,29,50666.5,143.04,Robust holistic application,1,Saint Vincent and the Grenadines,1
1619,2016-03-05 23:02:11,66.04,27,71881.84,199.76,Synergistic non-volatile analyzer,0,Mauritius,0
1620,2016-03-06 06:51:23,87.27,30,51824.01,204.27,Fully-configurable 5thgeneration circuit,1,Christmas Island,1
1621,2016-03-06 09:33:46,79.51,39,34942.26,125.11,Proactive non-volatile encryption,1,Brunei Darussalam,1
1622,2016-03-06 11:36:06,69.17,40,66193.81,123.62,Extended leadingedge solution,0,Montenegro,1
1623,2016-03-06 23:26:44,55.71,37,57806.03,112.52,Upgradable 4thgeneration portal,1,Korea,1
1624,2016-03-06 23:26:44,78.11,41,,207.48,Cloned explicit middleware,1,Niger,0
1625,2016-03-07 01:40:15,66.0,48,24593.33,131.76,Reactive local challenge,1,Australia,1
1626,2016-03-07 01:40:15,84.79,24,,170.04,Synergistic discrete middleware,0,Jersey,1
1627,2016-03-07 20:02:51,69.2,30,,175.43,Ameliorated upward-trending definition,1,Nicaragua,1
1628,2016-03-07 20:02:51,88.04,45,62589.84,191.17,Profound explicit hardware,1,Saint Vincent and the Grenadines,0
1629,2016-03-07 22:32:15,78.15,33,72042.85,194.37,Ergonomic neutral portal,0,Algeria,0
1630,2016-03-07 22:32:15,38.35,35,,169.88,Self-enabling holistic process improvement,0,Eritrea,1
1631,2016-03-07 22:51:00,91.1,40,55499.69,198.13,Secured intermediate approach,1,Bolivia,0
1632,2016-03-08 00:37:54,55.35,39,75509.61,153.17,De-engineered object-oriented protocol,1,Cook Islands,1
1633,2016-03-08 05:12:57,81.32,25,52416.18,165.65,Pre-emptive next generation Internet solution,0,Moldova,0
1634,2016-03-08 05:48:20,80.05,25,45959.86,219.94,Networked stable open architecture,1,Christmas Island,0
1635,2016-03-08 10:39:16,42.83,36,,223.2,Ergonomic client-driven application,0,Israel,1
1636,2016-03-08 10:39:16,76.56,30,68030.18,213.75,Business-focused high-level hardware,0,Brunei Darussalam,0
1637,2016-03-08 18:00:43,78.36,28,,221.51,Networked regional Local Area Network,0,Australia,1
1638,2016-03-08 18:00:43,60.23,35,43313.73,106.86,Balanced asynchronous hierarchy,0,Kenya,1
1639,2016-03-09 00:41:46,36.49,52,42136.33,196.61,Object-based system-worthy superstructure,1,Lao People's Democratic Republic,1
1640,2016-03-09 02:07:17,46.66,45,49101.67,118.16,Grass-roots mission-critical emulation,0,Antigua and Barbuda,1
1641,2016-03-09 03:41:30,63.45,23,52182.23,140.64,Persistent demand-driven interface,1,Spain,1
1642,2016-03-09 06:22:03,37.65,51,50457.01,161.29,Automated stable help-desk,1,Bahrain,1
1643,2016-03-09 12:10:08,77.35,34,72330.57,167.26,Total bi-directional success,0,Yemen,0
1644,2016-03-09 12:10:08,68.18,30,,237.34,Universal asymmetric workforce,0,Venezuela,1
1645,2016-03-09 14:45:33,72.08,29,71228.44,169.5,Stand-alone national attitude,0,Burundi,0
1646,2016-03-09 14:57:11,74.02,32,72272.9,210.54,Operative system-worthy protocol,0,Micronesia,0
1647,2016-03-10 01:36:19,32.84,40,41232.89,171.72,Triple-buffered 3rdgeneration migration,0,Trinidad and Tobago,1
1648,2016-03-10 01:36:19,61.76,25,,258.62,Realigned reciprocal framework,0,Saudi Arabia,0
1649,2016-03-10 07:07:31,89.91,30,,139.01,Operative actuating installation,0,Iran,1
1650,2016-03-10 07:07:31,80.38,30,55130.96,238.06,Business-focused holistic benchmark,0,Albania,0
1651,2016-03-10 15:07:44,50.63,50,25767.16,142.23,Operative full-range forecast,0,Luxembourg,1
1652,2016-03-10 22:28:52,51.87,50,51869.87,119.65,Team-oriented dynamic forecast,0,Afghanistan,1
1653,2016-03-10 23:26:54,35.98,47,55993.68,165.52,Focused 3rdgeneration pricing structure,1,El Salvador,1
1654,2016-03-10 23:26:54,67.58,30,,226.69,Seamless optimal contingency,0,Bahamas,0
1655,2016-03-10 23:36:03,62.42,29,73910.9,198.5,Upgradable optimizing toolset,1,Canada,0
1656,2016-03-11 00:05:48,65.07,34,73941.91,227.53,Monitored explicit hierarchy,1,Anguilla,0
1657,2016-03-11 06:49:10,38.93,39,27508.41,162.08,Intuitive exuding service-desk,0,Liberia,1
1658,2016-03-11 09:58:32,90.75,40,45945.88,216.5,Decentralized methodical capability,0,Togo,0
1659,2016-03-11 10:01:23,75.71,34,62109.8,246.06,Phased hybrid intranet,0,Portugal,0
1660,2016-03-11 12:39:19,79.22,27,63429.18,198.79,Intuitive modular system engine,1,Belgium,0
1661,2016-03-11 13:07:30,61.84,44,,191.17,Down-sized background groupware,0,Italy,1
1662,2016-03-11 13:07:30,35.11,35,47638.3,158.03,Extended analyzing emulation,1,Anguilla,1
1663,2016-03-11 14:50:56,82.58,38,65496.78,225.23,Open-architected zero administration secured line,1,Dominica,0
1664,2016-03-12 01:39:19,69.08,41,77460.07,210.6,Ergonomic client-driven application,0,Turks and Caicos Islands,0
1665,2016-03-12 01:39:19,66.83,32,,201.26,Polarized multimedia system engine,1,Afghanistan,1
1666,2016-03-12 02:48:18,44.72,46,40468.53,123.86,Cross-group systemic customer loyalty,1,Grenada,1
1667,2016-03-12 06:05:12,75.55,36,31998.72,123.71,Decentralized attitude-oriented interface,1,Bosnia and Herzegovina,1
1668,2016-03-12 07:18:36,71.03,55,28186.65,150.77,Programmable didactic capacity,0,China,1
1669,2016-03-12 07:18:36,73.89,37,,234.26,Exclusive disintermediate Internet solution,1,China,0
1670,2016-03-13 13:50:25,74.38,40,74024.61,220.05,Enhanced zero tolerance Graphic Interface,1,Indonesia,0
1671,2016-03-13 13:50:25,39.34,42,,216.24,Open-source local approach,0,Guatemala,1
1672,2016-03-13 20:35:42,69.47,26,59785.94,236.5,Organic bottom-line service-desk,0,San Marino,0
1673,2016-03-14 03:29:12,77.47,36,70510.59,222.91,Assimilated actuating policy,1,Jamaica,0
1674,2016-03-14 04:34:35,53.33,34,44275.13,111.63,Configurable impactful productivity,1,Andorra,1
1675,2016-03-14 06:46:14,71.0,22,56067.38,211.87,Extended systemic policy,0,Eritrea,0
1676,2016-03-14 14:13:05,56.78,36,,209.93,Polarized tangible collaboration,0,Malaysia,1
1677,2016-03-14 14:13:05,61.57,53,35253.98,125.94,Progressive 24hour forecast,1,Bulgaria,1
1678,2016-03-14 23:13:11,57.7,34,42696.67,109.07,Phased dynamic customer loyalty,0,Australia,1
1679,2016-03-15 03:12:25,57.64,57,45580.92,133.81,Synchronized dedicated service-desk,1,Dominica,1
1680,2016-03-15 03:12:25,35.21,32,,108.27,Diverse executive groupware,1,Estonia,1
1681,2016-03-15 06:54:21,71.33,23,31072.44,169.4,Optimized attitude-oriented initiative,0,Japan,1
1682,2016-03-15 11:25:48,51.5,34,67050.16,135.31,Configurable dynamic adapter,0,Zambia,1
1683,2016-03-15 11:25:48,67.47,45,,122.02,User-friendly upward-trending intranet,0,Saint Pierre and Miquelon,1
1684,2016-03-15 14:06:17,43.63,41,51662.24,123.25,Exclusive zero tolerance frame,1,Albania,1
1685,2016-03-15 14:33:12,55.77,49,55942.04,117.33,Fully-configurable high-level groupware,1,Chile,1
1686,2016-03-15 14:33:12,73.27,32,,158.22,Decentralized needs-based analyzer,0,Myanmar,0
1687,2016-03-15 15:49:14,70.79,31,74535.94,184.1,Distributed tertiary system engine,0,Bouvet Island (Bouvetoya),0
1688,2016-03-15 17:33:15,72.92,29,69428.73,217.1,Customizable mission-critical adapter,1,Czech Republic,0
1689,2016-03-15 19:35:19,44.72,24,,198.45,Virtual executive implementation,0,China,0
1690,2016-03-15 19:35:19,75.64,29,69718.19,204.82,Pre-emptive well-modulated moderator,1,Iran,0
1691,2016-03-15 20:19:20,68.95,51,74623.27,185.85,Front-line bandwidth-monitored capacity,1,United States Virgin Islands,0
1692,2016-03-16 00:28:10,84.33,41,54989.93,240.95,Pre-emptive zero tolerance Local Area Network,0,Belize,0
1693,2016-03-16 07:59:37,40.42,45,40183.75,133.9,Stand-alone reciprocal synergy,1,Norway,1
1694,2016-03-16 20:10:53,62.06,40,63493.6,116.27,Digitized radical array,1,Jersey,1
1695,2016-03-16 20:19:01,47.64,49,45632.51,122.02,Centralized neutral neural-net,0,Qatar,1
1696,2016-03-16 20:33:10,87.16,37,50711.68,231.95,Pre-emptive content-based frame,1,Western Sahara,0
1697,2016-03-17 05:00:12,79.71,26,,118.6,Intuitive dynamic attitude,1,Barbados,1
1698,2016-03-17 05:00:12,74.65,28,67669.06,212.56,Robust transitional ability,0,French Southern Territories,0
1699,2016-03-17 06:25:47,36.98,31,39552.49,167.87,Fully-configurable clear-thinking throughput,1,Northern Mariana Islands,1
1700,2016-03-17 22:24:02,47.23,43,73538.09,210.87,Optimized upward-trending productivity,1,Svalbard & Jan Mayen Islands,1
1701,2016-03-17 22:59:46,63.11,34,63107.88,254.94,Balanced mobile Local Area Network,1,Micronesia,0
1702,2016-03-17 23:39:28,56.34,50,68713.7,139.02,Multi-channeled mission-critical success,1,Anguilla,1
1703,2016-03-18 02:39:26,73.72,32,52140.04,256.4,Universal contextually-based system engine,1,Thailand,0
1704,2016-03-18 09:08:39,55.32,43,67682.32,127.65,Managed 24hour analyzer,0,Netherlands,1
1705,2016-03-18 09:08:39,80.51,27,,118.45,Devolved regional moderator,0,Lithuania,1
1706,2016-03-18 13:00:12,62.12,37,50671.6,105.86,Re-engineered intangible software,1,Liechtenstein,1
1707,2016-03-18 13:22:35,84.59,35,60015.57,226.54,Streamlined non-volatile analyzer,1,Cameroon,0
1708,2016-03-18 13:22:35,54.43,24,,238.06,Upgradable asymmetric emulation,0,Tonga,0
1709,2016-03-18 16:04:59,65.8,25,60843.32,231.49,Expanded radical software,1,Gabon,0
1710,2016-03-18 16:04:59,41.35,24,,135.48,Organic 3rdgeneration encryption,1,Jamaica,0
1711,2016-03-18 17:35:40,65.77,21,42162.9,218.61,Function-based fault-tolerant model,1,Eritrea,0
1712,2016-03-18 17:35:40,35.25,29,,247.31,Versatile solution-oriented secured line,0,Taiwan,1
1713,2016-03-19 00:27:58,63.8,38,36037.33,108.7,Adaptive demand-driven knowledgebase,1,Tuvalu,1
1714,2016-03-19 08:00:58,87.85,34,51816.27,153.01,Digitized interactive initiative,0,Turkmenistan,0
1715,2016-03-19 08:00:58,64.51,46,,193.63,Progressive uniform budgetary management,0,Turkey,1
1716,2016-03-19 11:09:36,57.2,42,57739.03,110.66,Innovative maximized groupware,0,New Zealand,1
1717,2016-03-19 14:23:45,80.23,31,68094.85,196.23,Secured clear-thinking middleware,0,Qatar,0
1718,2016-03-19 14:57:00,63.26,28,,216.87,Innovative maximized groupware,1,Russian Federation,1
1719,2016-03-19 14:57:00,86.38,40,66359.32,188.27,Cross-platform 4thgeneration focus group,1,Singapore,0
1720,2016-03-20 02:44:13,37.01,50,48826.14,216.01,Secured encompassing Graphical User Interface,0,San Marino,1
1721,2016-03-20 07:12:52,67.47,24,60514.05,225.05,Multi-tiered heuristic strategy,1,Vanuatu,0
1722,2016-03-20 08:22:50,73.57,30,70377.23,212.38,Pre-emptive transitional protocol,0,Uruguay,0
1723,2016-03-20 22:27:25,77.05,31,62161.26,236.64,Upgradable local migration,0,Jamaica,0
1724,2016-03-21 08:13:24,80.53,29,66345.1,187.64,Sharable upward-trending support,0,Singapore,0
1725,2016-03-21 11:02:49,59.51,31,,241.8,Up-sized bifurcated capability,1,Jamaica,0
1726,2016-03-21 11:02:49,42.84,52,27073.27,182.2,Enhanced optimizing website,1,Tunisia,1
1727,2016-03-21 18:46:41,37.51,30,52097.32,163.0,Re-contextualized optimal service-desk,1,Holy See (Vatican City State),1
1728,2016-03-21 18:46:41,56.99,28,,123.71,Mandatory 3rdgeneration moderator,0,Monaco,0
1729,2016-03-21 21:15:54,89.34,32,50216.01,177.78,Object-based executive productivity,1,Paraguay,0
1730,2016-03-22 04:13:35,74.07,22,50950.24,165.43,Cross-group non-volatile secured line,1,Ghana,0
1731,2016-03-22 06:41:38,65.59,47,28265.81,121.81,Digitized disintermediate ability,0,Indonesia,1
1732,2016-03-22 19:14:47,48.22,40,73882.91,214.33,Inverse national core,0,Norfolk Island,0
1733,2016-03-23 05:27:35,83.69,36,68717.0,192.57,Robust context-sensitive neural-net,0,Fiji,0
1734,2016-03-23 06:00:15,46.77,32,31092.93,136.4,Multi-tiered maximized archive,1,Serbia,1
1735,2016-03-23 08:52:31,66.14,41,78092.95,165.27,Re-engineered impactful software,0,Western Sahara,0
1736,2016-03-23 09:43:43,87.29,36,61628.72,209.93,Future-proofed methodical protocol,1,Korea,0
1737,2016-03-23 12:53:23,63.37,43,43155.19,105.04,Open-architected full-range projection,1,Poland,1
1738,2016-03-23 19:58:15,66.88,35,62790.96,119.47,Polarized bifurcated array,1,Indonesia,1
1739,2016-03-23 21:06:51,56.39,27,38817.4,248.12,Configurable tertiary capability,1,Bahrain,0
1740,2016-03-23 21:06:51,87.16,38,,133.81,Ameliorated exuding solution,1,Congo,0
1741,2016-03-24 02:01:55,34.78,48,42861.42,208.21,Exclusive even-keeled moratorium,1,South Africa,1
1742,2016-03-24 02:01:55,38.93,31,,206.79,Synergistic fresh-thinking array,1,Venezuela,0
1743,2016-03-24 02:35:54,55.55,19,41920.79,187.95,Proactive bandwidth-monitored policy,0,Guatemala,0
1744,2016-03-24 05:38:01,87.97,35,48918.55,149.25,Secured secondary superstructure,1,France,0
1745,2016-03-24 06:36:52,37.0,48,36782.38,158.22,Function-based context-sensitive secured line,1,Kenya,1
1746,2016-03-24 06:36:52,56.14,48,,208.24,Automated object-oriented firmware,0,Benin,1
1747,2016-03-24 09:12:52,77.8,21,,224.58,Proactive next generation knowledge user,1,Cambodia,1
1748,2016-03-24 09:12:52,49.95,39,68737.75,136.59,Cloned object-oriented benchmark,0,Turkmenistan,1
1749,2016-03-24 09:31:49,42.95,33,30976.0,143.56,Grass-roots coherent extranet,0,Barbados,1
1750,2016-03-24 09:34:00,49.99,41,61068.26,121.07,Profound bottom-line standardization,0,Romania,1
1751,2016-03-24 13:37:53,62.33,37,,170.9,Pre-emptive neutral contingency,0,Belarus,1
1752,2016-03-24 13:37:53,46.31,57,44248.52,153.98,Front-line fault-tolerant intranet,1,Jamaica,1
1753,2016-03-24 17:48:31,70.05,33,75560.65,203.44,Diverse directional hardware,0,Croatia,0
1754,2016-03-25 05:05:27,76.49,23,56457.01,181.11,Public-key asynchronous matrix,0,Brazil,0
1755,2016-03-25 06:36:53,35.21,39,52340.1,154.0,Advanced disintermediate data-warehouse,1,United States Minor Outlying Islands,1
1756,2016-03-25 08:40:15,66.18,35,69476.42,243.61,Proactive asymmetric definition,0,Pitcairn Islands,0
1757,2016-03-25 08:40:15,84.53,44,,158.05,Stand-alone explicit orchestration,0,Ghana,1
1758,2016-03-25 15:17:39,60.53,24,66873.9,167.22,Organic interactive support,0,Serbia,1
1759,2016-03-25 19:02:35,50.19,40,33987.27,117.3,Progressive uniform budgetary management,0,Thailand,1
1760,2016-03-26 00:32:02,84.53,35,54773.99,236.29,User-centric composite contingency,0,Myanmar,0
1761,2016-03-26 15:28:07,41.86,39,53041.77,128.62,Open-source stable paradigm,1,Ethiopia,1
1762,2016-03-26 19:37:46,54.47,23,46780.09,141.52,Vision-oriented bifurcated contingency,0,Chad,1
1763,2016-03-26 19:54:16,87.23,29,51015.11,202.12,Re-engineered responsive definition,0,American Samoa,0
1764,2016-03-27 00:53:11,68.95,35,61833.9,256.09,Cloned 5thgeneration orchestration,0,Tunisia,0
1765,2016-03-27 02:35:29,78.57,36,64045.93,239.32,Exclusive client-driven model,1,Liberia,0
1766,2016-03-27 03:59:26,60.7,34,,204.52,Customer-focused incremental system engine,0,Bangladesh,0
1767,2016-03-27 03:59:26,70.04,31,74780.74,183.85,Intuitive radical forecast,1,Jordan,0
1768,2016-03-27 08:32:37,45.08,38,35349.26,125.27,Synergized clear-thinking protocol,0,Liberia,1
1769,2016-03-27 08:32:37,59.05,52,,138.35,Synergistic non-volatile analyzer,0,Morocco,0
1770,2016-03-27 09:11:10,44.57,31,38349.78,133.17,Adaptive context-sensitive application,1,China,1
1771,2016-03-27 16:41:29,69.74,49,66524.8,243.37,Enhanced maximized access,0,Hungary,0
1772,2016-03-27 16:41:29,51.63,40,,133.17,Extended interactive model,0,Trinidad and Tobago,0
1773,2016-03-27 19:50:11,75.81,40,71157.05,229.19,Inverse zero-defect capability,0,Greenland,0
1774,2016-03-27 23:59:06,38.52,38,42581.23,137.28,Customer-focused 24/7 concept,1,Saint Vincent and the Grenadines,1
1775,2016-03-28 02:29:19,78.01,26,62729.4,200.71,Focused multi-state workforce,1,French Guiana,0
1776,2016-03-28 08:46:26,35.61,46,51868.85,158.22,Up-sized secondary software,0,Egypt,1
1777,2016-03-28 09:15:58,41.16,49,59448.44,150.83,Configurable interactive contingency,1,Venezuela,1
1778,2016-03-28 19:48:37,79.09,28,,179.04,Customer-focused full-range neural-net,0,Chad,1
1779,2016-03-28 19:48:37,70.29,26,62053.37,231.37,Vision-oriented multi-tasking success,1,Puerto Rico,0
1780,2016-03-28 23:01:24,80.55,35,68016.9,219.91,Extended grid-enabled hierarchy,0,British Virgin Islands,0
1781,2016-03-28 23:01:24,41.84,54,,233.85,Synchronized dedicated service-desk,0,Iran,1
1782,2016-03-30 01:05:34,53.38,35,60803.37,120.06,Total local synergy,1,French Guiana,1
1783,2016-03-30 05:29:38,40.34,29,32549.95,173.75,Object-based motivating instruction set,0,Tokelau,1
1784,2016-03-30 05:29:38,78.58,28,,124.54,Open-architected system-worthy task-force,1,Argentina,0
1785,2016-03-30 14:36:55,70.29,31,56974.51,254.65,Balanced responsive open system,1,Norfolk Island,0
1786,2016-03-30 16:15:59,74.54,24,57518.73,219.75,Switchable secondary ability,0,Bahamas,0
1787,2016-03-30 19:09:50,84.79,33,61771.9,214.53,Managed eco-centric encoding,0,Cameroon,0
1788,2016-03-30 19:09:50,41.53,25,,120.37,Seamless holistic time-frame,0,Belize,0
1789,2016-03-30 20:23:48,79.16,32,69562.46,202.9,Compatible intermediate concept,1,Sri Lanka,0
1790,2016-03-30 23:40:52,56.39,26,,226.11,Expanded clear-thinking core,1,Armenia,0
1791,2016-03-30 23:40:52,37.32,50,56735.14,199.25,Versatile dedicated software,1,Chad,1
1792,2016-03-31 08:53:43,57.51,38,47682.28,105.71,Re-engineered zero-defect open architecture,0,Moldova,1
1793,2016-03-31 10:44:46,87.98,38,56637.59,222.11,Focused scalable complexity,1,Cambodia,0
1794,2016-03-31 10:44:46,77.6,32,,158.03,Reduced holistic help-desk,1,Fiji,0
1795,2016-03-31 13:54:51,85.54,27,48761.14,175.43,Right-sized solution-oriented benchmark,1,Tokelau,0
1796,2016-03-31 20:55:22,86.06,32,61601.05,178.92,Focused upward-trending core,1,Bulgaria,0
1797,2016-04-01 01:57:12,67.69,44,37345.34,109.22,Fundamental methodical support,0,Guam,1
1798,2016-04-01 05:17:28,56.91,50,21773.22,146.44,Team-oriented executive core,0,Norfolk Island,1
1799,2016-04-01 07:37:18,69.97,33,,132.27,Ameliorated client-driven forecast,1,Czech Republic,0
1800,2016-04-01 07:37:18,91.37,45,51920.49,182.65,Re-engineered composite moratorium,1,Kazakhstan,1
1801,2016-04-01 09:21:14,79.4,35,63966.72,236.87,User-centric intangible contingency,0,Malaysia,0
1802,2016-04-01 16:21:05,64.1,22,60465.72,215.93,Seamless object-oriented structure,0,Cote d'Ivoire,0
1803,2016-04-03 05:10:31,47.53,30,33258.09,135.18,Customer-focused upward-trending contingency,0,Guinea,1
1804,2016-04-03 06:17:22,50.52,28,66929.03,219.69,Versatile responsive knowledge user,0,Saint Kitts and Nevis,1
1805,2016-04-03 10:07:56,89.05,45,57868.44,206.98,Polarized bandwidth-monitored moratorium,0,Falkland Islands (Malvinas),0
1806,2016-04-03 11:38:36,45.99,26,,212.56,Managed upward-trending instruction set,1,Mexico,0
1807,2016-04-03 11:38:36,46.2,37,51315.38,119.3,Distributed maximized ability,0,Belgium,1
1808,2016-04-03 21:13:46,67.28,43,76246.96,155.8,Future-proofed coherent hardware,1,Pakistan,1
1809,2016-04-04 00:02:20,49.96,55,60968.62,151.94,Multi-layered user-facing parallelism,1,Zambia,1
1810,2016-04-04 01:39:02,80.23,31,68441.85,193.77,Monitored national standardization,1,Nauru,0
1811,2016-04-04 03:57:48,43.7,28,63126.96,173.01,Front-line bifurcated ability,0,Mayotte,1
1812,2016-04-04 07:07:46,73.18,23,61526.25,196.71,Organized static focus group,1,British Virgin Islands,0
1813,2016-04-04 08:19:54,74.62,36,73207.15,217.79,Self-enabling even-keeled methodology,0,Rwanda,0
1814,2016-04-04 11:39:51,78.24,23,54106.21,199.29,Sharable value-added solution,0,Luxembourg,0
1815,2016-04-04 11:39:51,72.92,39,,150.77,Front-line methodical utilization,1,Angola,1
1816,2016-04-04 13:56:14,46.14,28,39723.97,137.97,Seamless bandwidth-monitored knowledge user,1,Ethiopia,1
1817,2016-04-04 18:36:59,69.58,43,28028.74,255.07,Cross-group value-added success,0,Congo,1
1818,2016-04-04 20:01:12,80.3,58,49090.51,173.43,Managed client-server access,0,Cayman Islands,1
1819,2016-04-04 21:23:13,79.61,31,58342.63,235.97,Customizable value-added project,0,Monaco,0
1820,2016-04-04 21:30:46,70.41,27,66618.21,223.03,Centralized systematic knowledgebase,0,Dominica,0
1821,2016-04-04 22:00:15,53.44,42,42907.89,108.17,Up-sized next generation architecture,1,Libyan Arab Jamahiriya,1
1822,2016-04-05 05:54:15,46.61,52,27241.11,156.99,Ergonomic methodical encoding,0,New Zealand,1
1823,2016-04-05 08:18:45,82.95,39,69805.7,201.29,Customer-focused impactful success,0,Lao People's Democratic Republic,0
1824,2016-04-05 18:02:49,79.22,20,,202.77,Integrated interactive support,0,Saint Barthelemy,0
1825,2016-04-05 18:02:49,83.17,43,54251.78,244.4,Managed national hardware,1,Sri Lanka,0
1826,2016-04-06 01:19:08,64.75,36,63001.03,117.66,Multi-tiered stable leverage,0,Venezuela,1
1827,2016-04-06 05:55:43,59.61,21,60637.62,198.45,Future-proofed coherent budgetary management,1,Cambodia,0
1828,2016-04-06 11:24:21,38.46,42,58183.04,145.98,Customizable 6thgeneration knowledge user,1,Guatemala,1
1829,2016-04-06 14:16:52,57.82,46,48867.36,107.56,Centralized asynchronous portal,1,Belarus,1
1830,2016-04-06 17:26:37,76.44,28,59967.19,232.68,Synchronized human-resource moderator,1,Northern Mariana Islands,0
1831,2016-04-06 21:20:07,86.63,39,63764.28,209.64,Face-to-face multimedia success,1,Costa Rica,0
1832,2016-04-06 23:10:40,74.61,38,71055.22,231.28,Networked impactful framework,1,South Africa,0
1833,2016-04-07 01:57:38,83.4,39,60879.48,235.01,Advanced local task-force,0,Tanzania,0
1834,2016-04-07 03:56:16,80.6,31,67479.62,177.55,Sharable bottom-line solution,0,Croatia,0
1835,2016-04-07 10:51:05,38.63,48,57777.11,222.11,Cross-platform logistical pricing structure,0,Papua New Guinea,1
1836,2016-04-07 10:51:05,66.77,47,,214.42,Vision-oriented asynchronous Internet solution,0,Mexico,0
1837,2016-04-07 15:18:10,62.26,53,56770.79,125.45,Profound stable product,1,Montenegro,1
1838,2016-04-07 16:02:02,49.58,26,56791.75,231.94,Self-enabling holistic process improvement,0,Benin,0
1839,2016-04-07 18:52:57,56.46,26,66187.58,151.63,Ameliorated leadingedge help-desk,0,Albania,1
1840,2016-04-07 20:34:42,66.79,60,60575.99,198.3,Decentralized client-driven data-warehouse,1,Burkina Faso,1
1841,2016-04-07 20:38:02,49.99,31,,248.12,Cross-platform regional task-force,0,United States of America,1
1842,2016-04-07 20:38:02,49.35,49,44304.13,119.86,Inverse stable synergy,0,Kenya,1
1843,2016-04-08 14:35:44,71.55,53,,225.24,Open-source scalable protocol,1,Cook Islands,0
1844,2016-04-08 14:35:44,35.49,48,43974.49,159.77,Fully-configurable holistic throughput,0,American Samoa,1
1845,2016-04-08 22:40:55,79.8,28,57179.91,229.88,Customizable zero-defect Internet solution,1,Bahamas,0
1846,2016-04-08 22:48:25,41.73,47,60812.77,144.71,Proactive client-server productivity,0,Cote d'Ivoire,1
1847,2016-04-09 09:26:39,78.84,32,62430.55,235.29,Optimized 5thgeneration moratorium,1,Taiwan,0
1848,2016-04-09 16:31:15,61.09,26,55336.18,131.68,User-friendly well-modulated leverage,1,Falkland Islands (Malvinas),1
1849,2016-04-09 23:26:42,85.77,27,52261.73,191.78,Implemented disintermediate attitude,1,Morocco,0
1850,2016-04-10 00:13:47,44.98,49,52336.64,129.31,Organized global model,0,Svalbard & Jan Mayen Islands,1
1851,2016-04-10 02:02:36,50.08,40,64147.86,125.85,Ergonomic full-range time-frame,1,Greece,1
1852,2016-04-10 03:30:16,37.45,47,31281.01,167.86,Horizontal high-level concept,0,Antigua and Barbuda,1
1853,2016-04-10 06:32:11,84.25,32,63936.5,170.9,Pre-emptive client-driven secured line,1,Angola,0
1854,2016-04-10 14:48:35,73.95,35,67714.82,238.58,Persevering even-keeled help-desk,0,Wallis and Futuna,0
1855,2016-04-10 16:08:09,71.28,37,67307.43,246.72,Distributed scalable orchestration,1,Guyana,0
1856,2016-04-10 19:48:01,68.61,57,61770.34,150.29,Diverse modular interface,0,South Africa,1
1857,2016-04-12 03:26:39,84.37,30,61389.5,201.58,Synchronized systemic hierarchy,0,Luxembourg,0
1858,2016-04-12 04:22:42,82.41,36,65882.81,222.08,Stand-alone logistical service-desk,0,Nicaragua,0
1859,2016-04-12 12:35:39,42.94,37,56681.65,130.4,Synergistic dynamic orchestration,1,Moldova,1
1860,2016-04-12 14:01:08,62.06,44,44174.25,105.0,Adaptive contextually-based methodology,0,Austria,1
1861,2016-04-13 05:42:52,43.02,44,50199.77,125.22,Configurable bottom-line application,0,Thailand,1
1862,2016-04-13 05:42:52,50.19,52,,129.8,Robust context-sensitive neural-net,0,Saint Pierre and Miquelon,0
1863,2016-04-13 07:07:36,35.49,47,36884.23,170.04,Front-line actuating functionalities,0,Liechtenstein,1
1864,2016-04-13 13:04:47,37.58,52,51600.47,176.7,Exclusive disintermediate Internet solution,1,Bulgaria,1
1865,2016-04-14 05:08:35,72.19,33,,212.92,Balanced uniform algorithm,1,Serbia,1
1866,2016-04-14 05:08:35,70.2,34,32708.94,119.2,Open-architected impactful productivity,0,British Virgin Islands,1
1867,2016-04-14 21:37:49,85.62,29,57032.36,195.68,Triple-buffered systematic info-mediaries,0,Iran,0
1868,2016-04-15 06:08:35,39.96,45,59610.81,146.13,Enhanced homogeneous moderator,1,Guernsey,1
1869,2016-04-15 06:08:35,43.59,47,,226.79,Progressive 24/7 definition,0,Kazakhstan,1
1870,2016-04-15 10:16:49,68.88,30,,124.58,Operative multi-tasking Graphic Interface,0,Tonga,1
1871,2016-04-15 10:16:49,60.07,42,65963.37,120.75,Total user-facing hierarchy,1,United Kingdom,1
1872,2016-04-15 10:18:55,63.43,29,66504.16,236.75,Ergonomic 24/7 solution,1,Peru,0
1873,2016-04-15 11:51:14,57.24,32,,235.97,Fully-configurable holistic throughput,0,Brazil,1
1874,2016-04-15 11:51:14,81.98,40,65461.92,229.22,Ameliorated upward-trending definition,0,Seychelles,0
1875,2016-04-15 14:45:48,72.44,34,70547.16,230.14,Customizable tangible hierarchy,0,Christmas Island,0
1876,2016-04-15 15:07:17,65.57,46,23410.75,130.86,Implemented asynchronous application,0,Belgium,1
1877,2016-04-15 15:07:17,83.66,27,,167.22,Vision-oriented uniform knowledgebase,1,Ukraine,1
1878,2016-04-16 05:24:33,70.61,28,72154.68,190.12,Assimilated encompassing portal,0,Italy,0
1879,2016-04-16 08:36:08,82.3,31,56735.83,232.21,Balanced executive definition,0,Gabon,0
1880,2016-04-16 10:36:49,78.58,33,51772.58,250.11,Centralized user-facing service-desk,1,Vanuatu,0
1881,2016-04-16 10:36:49,79.83,36,,219.55,Seamless impactful info-mediaries,0,Hong Kong,1
1882,2016-04-16 11:53:43,64.24,30,59784.18,252.36,Front-line intermediate database,0,Tunisia,0
1883,2016-04-16 12:09:25,49.89,39,17709.98,160.03,Enhanced system-worthy application,1,Belize,1
1884,2016-04-16 12:26:31,89.37,34,42760.22,162.03,Compatible dedicated productivity,1,Australia,0
1885,2016-04-16 14:15:55,81.25,33,65186.58,222.35,Enhanced system-worthy toolset,1,Saint Martin,0
1886,2016-04-16 16:38:35,72.07,31,69710.51,226.45,Grass-roots eco-centric instruction set,0,Chile,0
1887,2016-04-17 05:08:52,84.0,48,46868.53,136.21,Inverse discrete extranet,1,Kyrgyz Republic,1
1888,2016-04-17 06:58:18,74.88,27,67240.25,175.17,Organized empowering policy,1,Sudan,0
1889,2016-04-17 15:46:03,81.61,33,62667.51,228.76,Enterprise-wide local matrices,0,Morocco,0
1890,2016-04-17 15:46:03,78.76,24,,178.92,Centralized user-facing service-desk,1,British Virgin Islands,1
1891,2016-04-17 18:38:14,76.42,26,60315.19,223.16,Open-source optimizing parallelism,1,Netherlands Antilles,0
1892,2016-04-17 19:10:56,83.71,45,64564.07,220.48,Organized demand-driven knowledgebase,1,Kazakhstan,0
1893,2016-04-17 21:39:11,39.34,43,31215.88,148.93,Proactive radical support,0,Bangladesh,1
1894,2016-04-18 00:49:33,36.31,47,57983.3,168.92,Reverse-engineered well-modulated capability,0,Eritrea,1
1895,2016-04-18 03:41:56,84.88,32,63924.82,186.48,Ameliorated tangible hierarchy,0,Lebanon,0
1896,2016-04-18 07:00:38,76.65,31,61117.5,238.43,Function-based executive moderator,0,Pakistan,0
1897,2016-04-18 09:33:42,74.53,30,68862.0,221.51,Configurable coherent function,1,Grenada,0
1898,2016-04-18 11:23:05,75.8,38,70575.6,146.19,Progressive clear-thinking open architecture,1,Thailand,0
1899,2016-04-18 15:54:33,80.31,44,56366.88,127.07,Cross-platform regional task-force,0,Hungary,1
1900,2016-04-18 21:07:28,46.28,26,50055.33,228.78,Stand-alone eco-centric system engine,1,Andorra,1
1901,2016-04-19 05:15:28,80.72,31,68614.98,186.37,Re-engineered neutral success,0,Costa Rica,0
1902,2016-04-19 07:34:28,68.94,54,30726.26,138.71,Streamlined next generation implementation,0,Timor-Leste,1
1903,2016-04-19 15:14:58,45.72,36,22473.08,154.02,Versatile homogeneous capacity,1,Hong Kong,1
1904,2016-04-20 00:41:53,73.89,39,47160.53,110.68,Horizontal national architecture,0,France,1
1905,2016-04-20 10:04:29,78.76,32,70012.83,208.02,Managed attitude-oriented Internet solution,1,Uruguay,0
1906,2016-04-20 13:36:42,35.79,44,33813.08,165.62,Enterprise-wide tangible model,1,Tonga,1
1907,2016-04-20 13:36:42,68.72,55,,185.85,Open-source global strategy,1,Brazil,1
1908,2016-04-20 16:49:15,44.11,41,43111.41,121.24,Organic next generation matrix,1,Saint Vincent and the Grenadines,1
1909,2016-04-20 21:49:22,79.52,24,51739.63,214.23,Synergistic fresh-thinking array,0,Bosnia and Herzegovina,0
1910,2016-04-21 09:30:35,73.38,25,53058.91,236.19,Horizontal transitional challenge,1,French Southern Territories,0
1911,2016-04-21 12:34:28,49.89,34,,205.38,Seamless 4thgeneration contingency,0,Western Sahara,0
1912,2016-04-21 12:34:28,69.11,42,73608.99,231.48,Face-to-face mission-critical definition,1,Faroe Islands,0
1913,2016-04-21 16:10:50,87.09,36,57737.51,221.98,Synergized coherent interface,1,Reunion,0
1914,2016-04-21 18:31:27,56.2,49,53549.94,114.85,Adaptive uniform capability,1,Bahamas,1
1915,2016-04-21 19:56:24,72.88,44,64011.26,125.12,Customer-focused explicit challenge,0,Yemen,1
1916,2016-04-21 20:29:35,57.35,40,,184.94,Centralized client-driven workforce,1,Samoa,1
1917,2016-04-21 20:29:35,66.67,33,72707.87,228.03,Horizontal content-based synergy,1,Taiwan,0
1918,2016-04-22 00:28:18,36.37,40,47338.94,144.53,Quality-focused zero-defect data-warehouse,1,Kiribati,1
1919,2016-04-22 02:07:01,51.3,45,67782.17,134.42,Grass-roots cohesive monitoring,1,Bosnia and Herzegovina,1
1920,2016-04-22 07:48:33,79.6,39,73392.28,194.23,Organized global flexibility,0,Rwanda,0
1921,2016-04-22 08:31:24,76.9,28,66107.84,212.67,Synchronized multimedia model,0,Croatia,0
1922,2016-04-22 19:45:19,72.19,32,61067.58,250.32,Balanced discrete approach,1,Switzerland,0
1923,2016-04-22 20:10:22,78.53,34,32536.98,131.72,Synergized multimedia emulation,0,Norfolk Island,1
1924,2016-04-22 20:32:17,71.9,54,61228.96,140.15,Inverse zero tolerance customer loyalty,1,Czech Republic,1
1925,2016-04-22 22:01:21,45.53,29,56129.89,141.58,Front-line neutral alliance,0,United Arab Emirates,1
1926,2016-04-23 03:46:34,82.7,21,,135.24,Persevering needs-based open architecture,1,Iran,0
1927,2016-04-23 03:46:34,59.05,52,50086.17,118.45,Upgradable logistical flexibility,1,Uganda,1
1928,2016-04-23 06:28:43,44.49,53,63100.13,168.0,Business-focused real-time toolset,1,Sao Tome and Principe,1
1929,2016-04-23 08:15:31,76.56,34,70179.11,221.53,Universal bi-directional extranet,1,Dominica,0
1930,2016-04-23 08:15:31,79.6,31,,140.64,Persevering 5thgeneration knowledge user,1,Mongolia,1
1931,2016-04-23 09:42:08,42.83,34,54324.73,132.38,Vision-oriented methodical support,1,Latvia,1
1932,2016-04-23 14:34:38,57.35,29,41356.31,119.84,Distributed 3rdgeneration definition,0,Kazakhstan,1
1933,2016-04-24 01:48:21,52.56,31,33147.19,250.36,Integrated interactive support,1,Israel,1
1934,2016-04-24 01:48:21,50.08,49,,212.58,Secured encompassing Graphical User Interface,1,United Arab Emirates,0
1935,2016-04-24 07:20:16,71.9,29,72203.96,193.29,De-engineered intangible flexibility,1,Costa Rica,0
1936,2016-04-24 13:42:15,62.2,25,25408.21,161.16,Cross-platform multimedia algorithm,0,Liechtenstein,1
1937,2016-04-24 13:46:10,51.58,33,49822.78,115.91,Vision-oriented system-worthy forecast,0,Brunei Darussalam,1
1938,2016-04-25 03:18:45,84.04,28,,231.07,Vision-oriented optimizing middleware,0,Malta,0
1939,2016-04-25 03:18:45,46.43,28,53922.43,137.2,Reverse-engineered background Graphic Interface,1,Ethiopia,1
1940,2016-04-25 07:30:21,89.15,42,59886.58,171.07,Phased zero administration success,0,Fiji,0
1941,2016-04-25 11:01:54,48.01,46,54286.1,119.93,Centralized 24/7 installation,0,Italy,1
1942,2016-04-25 16:58:50,77.25,27,55901.12,231.38,Pre-emptive neutral contingency,1,Saint Vincent and the Grenadines,0
1943,2016-04-25 19:31:39,66.26,47,14548.06,179.04,Optional full-range projection,1,Lebanon,1
1944,2016-04-25 21:15:39,45.82,33,,166.85,Up-sized intangible circuit,1,Slovenia,1
1945,2016-04-25 21:15:39,67.56,31,62318.38,125.45,Seamless composite budgetary management,0,Kenya,1
1946,2016-04-26 13:13:20,84.59,36,47169.14,241.8,Integrated grid-enabled budgetary management,1,Belgium,0
1947,2016-04-26 13:13:20,77.07,34,,133.2,Vision-oriented next generation solution,1,Cote d'Ivoire,0
1948,2016-04-26 20:57:48,78.17,27,65227.79,192.27,Automated mobile model,1,Burundi,0
1949,2016-04-26 20:57:48,83.97,33,,162.44,Switchable secondary ability,1,Cambodia,1
1950,2016-04-26 21:45:50,89.18,37,46403.18,224.01,Public-key impactful neural-net,1,Nepal,0
1951,2016-04-27 04:28:17,76.06,23,58633.63,201.04,Diverse multi-tasking parallelism,0,Brunei Darussalam,0
1952,2016-04-27 04:28:17,83.69,31,,203.74,Business-focused client-driven forecast,0,Belarus,1
1953,2016-04-27 09:27:58,84.98,29,57691.95,202.61,Innovative user-facing extranet,0,Russian Federation,0
1954,2016-04-27 18:25:30,50.32,40,27964.6,125.65,Realigned intangible benchmark,0,Yemen,1
1955,2016-04-28 01:24:34,69.95,28,56725.47,247.01,Horizontal even-keeled challenge,0,Malta,0
1956,2016-04-28 01:24:34,80.46,31,,207.96,Optional secondary access,1,Thailand,1
1957,2016-04-28 02:55:10,67.71,25,63430.33,225.76,Synergized intangible open system,1,Armenia,0
1958,2016-04-28 05:50:25,42.39,42,66541.05,150.99,De-engineered mobile infrastructure,0,Christmas Island,1
1959,2016-04-28 18:34:56,86.06,31,53767.12,219.72,Extended local methodology,1,Timor-Leste,0
1960,2016-04-28 18:34:56,43.88,28,,205.71,Balanced dynamic application,0,Nicaragua,1
1961,2016-04-28 21:58:25,69.5,38,,215.29,De-engineered actuating hierarchy,0,Cambodia,1
1962,2016-04-28 21:58:25,67.35,29,47510.42,118.69,Sharable secondary Graphical User Interface,0,Zimbabwe,1
1963,2016-04-28 22:54:37,79.36,34,57260.41,245.78,Profound maximized workforce,1,Bosnia and Herzegovina,0
1964,2016-04-29 07:49:01,70.79,42,,236.72,Total coherent superstructure,0,Gibraltar,0
1965,2016-04-29 07:49:01,64.51,42,79484.8,190.71,Virtual 5thgeneration neural-net,1,Madagascar,0
1966,2016-04-29 13:38:19,72.94,31,74159.69,190.84,Multi-tiered real-time implementation,0,Venezuela,0
1967,2016-04-29 14:08:26,35.66,45,46197.59,151.72,Exclusive cohesive intranet,0,Peru,1
1968,2016-04-29 14:08:26,44.15,23,,200.55,Business-focused real-time toolset,0,Vanuatu,1
1969,2016-04-29 14:10:00,67.51,43,23942.61,127.2,Digitized homogeneous core,0,Western Sahara,1
1970,2016-04-29 18:53:43,81.75,24,52656.13,190.08,Open-architected web-enabled benchmark,1,Cape Verde,0
1971,2016-04-29 20:40:21,47.0,56,50491.45,149.53,Public-key bi-directional Graphical User Interface,0,Bahamas,1
1972,2016-04-30 08:07:13,85.61,27,47708.42,183.43,Customer-focused empowering ability,0,Burundi,0
1973,2016-04-30 15:27:22,68.41,38,61428.18,259.76,Grass-roots empowering paradigm,0,Guinea-Bissau,0
1974,2016-04-30 19:42:04,32.99,45,49282.87,177.46,Phased full-range hardware,0,Ecuador,1
1975,2016-05-01 00:23:13,67.94,43,68447.17,128.16,Assimilated next generation firmware,0,Morocco,1
1976,2016-05-01 08:27:12,41.84,49,37605.11,139.32,Operative secondary functionalities,0,Cyprus,1
1977,2016-05-01 08:27:12,67.76,34,,217.66,Phased zero administration success,0,Wallis and Futuna,1
1978,2016-05-01 09:23:25,72.46,40,56683.32,113.53,Enhanced tertiary utilization,0,Malawi,1
1979,2016-05-01 09:23:25,71.9,37,,196.61,Switchable mobile framework,1,Guinea-Bissau,1
1980,2016-05-01 21:46:37,81.95,31,64698.58,208.76,Distributed cohesive migration,1,Serbia,0
1981,2016-05-01 23:21:53,76.79,27,55677.12,235.94,Open-architected intangible strategy,0,Canada,0
1982,2016-05-02 00:01:56,66.17,26,63580.22,228.7,Business-focused maximized complexity,0,Mexico,0
1983,2016-05-02 07:00:58,82.03,41,71511.08,187.53,Intuitive dynamic attitude,0,Afghanistan,0
1984,2016-05-02 15:31:28,61.04,41,75805.12,149.21,Operative didactic Local Area Network,0,Benin,1
1985,2016-05-02 18:37:01,32.6,45,48206.04,185.47,Multi-tiered interactive neural-net,0,Mayotte,1
1986,2016-05-03 01:09:01,76.81,37,,125.11,Horizontal heuristic support,0,Moldova,0
1987,2016-05-03 01:09:01,59.64,51,71455.62,153.12,Re-contextualized human-resource success,1,Guyana,1
1988,2016-05-03 08:21:23,80.39,31,66269.49,214.74,Fully-configurable incremental Graphical User Interface,0,Gabon,0
1989,2016-05-03 08:21:23,79.81,20,,146.44,Multi-channeled 3rdgeneration model,1,Switzerland,1
1990,2016-05-03 12:57:19,50.6,30,34191.13,129.88,Realigned reciprocal framework,1,United States of America,1
1991,2016-05-03 12:57:19,35.49,40,,216.01,Adaptive 24hour Graphic Interface,0,Kyrgyz Republic,0
1992,2016-05-03 16:02:50,85.01,29,59797.64,192.5,Devolved exuding Local Area Network,0,Slovakia (Slovak Republic),0
1993,2016-05-03 16:55:02,79.6,28,56570.06,227.37,Synergistic discrete middleware,1,Sweden,0
1994,2016-05-03 21:19:58,79.94,28,58526.04,225.29,Visionary reciprocal circuit,0,United Kingdom,0
1995,2016-05-04 00:01:33,76.77,36,58348.41,123.51,Universal even-keeled analyzer,0,Turks and Caicos Islands,1
1996,2016-05-04 05:01:37,45.44,43,48453.55,119.27,Enhanced intermediate standardization,0,China,1
1997,2016-05-04 05:01:37,72.88,34,,252.77,Triple-buffered foreground encryption,1,Panama,1
1998,2016-05-04 09:00:24,46.98,50,21644.91,175.37,Down-sized well-modulated archive,0,Lithuania,1
1999,2016-05-04 12:06:18,75.15,22,52011.0,212.87,Universal global intranet,1,Austria,0
2000,2016-05-05 07:58:22,81.45,46,,148.93,Automated directional function,0,Vietnam,0
2001,2016-05-05 07:58:22,70.92,41,49995.63,108.16,Polarized modular function,1,Belarus,1
2002,2016-05-05 09:28:36,49.13,45,,127.83,Intuitive zero-defect framework,1,United Kingdom,1
2003,2016-05-05 09:28:36,40.67,35,48913.07,133.18,Stand-alone encompassing throughput,0,Lebanon,1
2004,2016-05-05 11:07:13,61.84,45,46024.29,105.63,Reactive bi-directional standardization,1,Niger,1
2005,2016-05-05 11:09:29,82.8,50,,139.42,Sharable bottom-line solution,0,Anguilla,0
2006,2016-05-05 11:09:29,45.05,42,66348.95,141.36,Digitized contextually-based product,0,French Southern Territories,1
2007,2016-05-06 21:07:31,53.3,34,44893.71,111.94,Self-enabling optimal initiative,0,Mauritania,1
2008,2016-05-06 21:07:31,41.16,33,,209.25,Networked asymmetric infrastructure,1,Cyprus,0
2009,2016-05-07 08:39:47,81.98,29,,145.85,Multi-lateral empowering throughput,1,Venezuela,1
2010,2016-05-07 08:39:47,82.8,30,58776.67,223.2,Enhanced systemic benchmark,1,Egypt,0
2011,2016-05-07 15:16:07,80.99,43,,151.47,Open-architected zero administration secured line,0,Singapore,0
2012,2016-05-07 15:16:07,65.22,30,66263.37,240.09,Fully-configurable foreground solution,1,Falkland Islands (Malvinas),0
2013,2016-05-07 17:11:49,50.43,46,57425.87,119.32,Persevering needs-based open architecture,1,Saint Helena,1
2014,2016-05-07 17:11:49,84.53,38,,138.46,Ameliorated coherent open architecture,1,Sweden,0
2015,2016-05-07 21:32:51,79.09,32,69481.85,209.72,Optimized multimedia website,1,Svalbard & Jan Mayen Islands,0
2016,2016-05-07 21:32:51,57.05,29,,193.58,Phased full-range hardware,1,Netherlands Antilles,0
2017,2016-05-08 08:10:10,83.07,37,62491.01,230.87,Team-oriented grid-enabled Local Area Network,1,Burundi,0
2018,2016-05-08 10:25:08,40.04,27,48098.86,161.58,Cross-platform neutral system engine,0,Poland,1
2019,2016-05-08 12:08:26,78.83,36,66050.63,234.64,Future-proofed responsive matrix,1,Qatar,0
2020,2016-05-08 12:12:04,52.7,34,58543.94,118.6,Integrated human-resource encoding,1,Venezuela,1
2021,2016-05-08 12:51:00,86.19,31,57669.41,210.26,Pre-emptive executive knowledgebase,1,Greece,0
2022,2016-05-08 15:38:46,82.52,32,66572.39,198.11,Persevering exuding system engine,1,Turkmenistan,0
2023,2016-05-08 22:24:27,43.65,39,63649.04,138.87,Business-focused background synergy,0,Western Sahara,1
2024,2016-05-08 22:47:18,71.84,47,76003.47,199.79,Advanced exuding conglomeration,1,Malawi,0
2025,2016-05-09 02:58:58,38.52,24,,153.01,Proactive context-sensitive project,0,Grenada,1
2026,2016-05-09 02:58:58,75.55,36,73234.87,159.24,Managed grid-enabled standardization,0,Liechtenstein,1
2027,2016-05-09 07:13:27,63.3,38,63071.34,116.19,Polarized intangible encoding,0,Saint Barthelemy,1
2028,2016-05-09 08:44:55,49.67,27,28019.09,153.69,Face-to-face reciprocal methodology,0,Zimbabwe,1
2029,2016-05-09 10:21:48,79.94,43,,162.05,Profound zero administration instruction set,1,Turks and Caicos Islands,1
2030,2016-05-09 10:21:48,60.53,29,56759.48,123.28,Networked even-keeled workforce,0,Papua New Guinea,1
2031,2016-05-09 21:54:38,82.3,34,,231.28,Enhanced intangible portal,0,American Samoa,0
2032,2016-05-09 21:54:38,33.52,43,42191.61,165.56,Vision-oriented optimizing middleware,0,Cambodia,1
2033,2016-05-10 04:28:55,72.76,33,66431.87,240.63,Virtual impactful algorithm,1,India,0
2034,2016-05-10 07:22:37,35.65,40,31265.75,172.58,Seamless intangible secured line,1,Georgia,1
2035,2016-05-10 14:12:31,59.7,28,49158.5,120.25,Expanded zero administration attitude,0,Guernsey,1
2036,2016-05-10 17:13:47,41.28,27,,214.74,Versatile local forecast,1,Norfolk Island,0
2037,2016-05-10 17:13:47,50.87,24,62939.5,190.41,Programmable empowering orchestration,0,Liberia,1
2038,2016-05-10 17:39:06,33.21,43,42650.32,167.07,Polarized clear-thinking budgetary management,1,Turkey,1
2039,2016-05-11 19:13:42,66.69,35,48758.92,108.27,Integrated encompassing support,0,Jersey,1
2040,2016-05-11 22:02:17,81.58,25,39699.13,199.39,Decentralized needs-based analyzer,0,Hong Kong,0
2041,2016-05-12 04:35:59,87.26,35,63060.55,184.03,Multi-layered tangible portal,0,Bosnia and Herzegovina,0
2042,2016-05-12 12:11:12,49.19,38,61004.51,123.08,Versatile solution-oriented secured line,0,Hungary,1
2043,2016-05-12 20:57:10,73.21,30,51013.37,252.6,Networked logistical info-mediaries,1,Denmark,1
2044,2016-05-12 21:32:06,59.12,33,28210.03,124.54,Synergistic stable infrastructure,0,Greece,1
2045,2016-05-13 06:09:28,38.37,36,41229.16,140.46,Multi-layered user-facing paradigm,0,Antarctica (the territory South of 60 deg S),1
2046,2016-05-13 11:51:10,82.68,45,,154.74,Focused scalable complexity,0,Bahamas,1
2047,2016-05-13 11:51:10,69.9,43,71392.53,138.35,Down-sized modular intranet,0,Jersey,1
2048,2016-05-13 11:57:12,39.56,41,59243.46,143.13,Ameliorated exuding solution,1,Western Sahara,1
2049,2016-05-13 14:12:39,77.75,28,,111.63,Balanced disintermediate conglomeration,0,Ecuador,0
2050,2016-05-13 14:12:39,79.81,37,51847.26,253.17,Realigned global initiative,0,United States Virgin Islands,0
2051,2016-05-14 14:49:05,47.74,33,22456.04,154.93,Open-source 5thgeneration leverage,1,Saint Lucia,1
2052,2016-05-14 23:08:14,84.76,30,61039.13,178.69,Monitored 24/7 moratorium,0,Venezuela,0
2053,2016-05-15 01:03:06,54.88,24,32006.82,148.61,Customizable modular Internet solution,0,Northern Mariana Islands,1
2054,2016-05-15 03:10:50,77.89,26,64188.5,201.54,Switchable multi-state success,0,Singapore,0
2055,2016-05-15 13:18:34,79.44,26,60845.55,206.79,Public-key zero-defect analyzer,0,Greece,0
2056,2016-05-15 14:41:49,73.46,28,65653.47,222.75,Innovative executive encoding,1,Nicaragua,0
2057,2016-05-15 18:44:50,46.84,45,34903.67,123.22,Virtual homogeneous budgetary management,0,Macao,1
2058,2016-05-15 20:48:40,83.47,39,64447.77,226.11,Total directional approach,0,Turkey,0
2059,2016-05-16 14:50:22,34.3,41,53167.68,160.74,Re-contextualized reciprocal interface,1,Libyan Arab Jamahiriya,1
2060,2016-05-16 18:51:59,50.48,50,20592.99,162.43,Switchable real-time product,0,Malawi,1
2061,2016-05-16 23:21:06,70.13,31,70889.68,224.98,Profit-focused systemic support,0,Croatia,0
2062,2016-05-17 04:27:31,42.06,27,,226.54,Centralized multi-state hierarchy,1,Papua New Guinea,0
2063,2016-05-17 04:27:31,79.57,31,61227.59,230.93,User-friendly asymmetric info-mediaries,0,Egypt,0
2064,2016-05-17 06:14:20,71.86,32,51633.34,116.53,Face-to-face even-keeled website,0,Senegal,1
2065,2016-05-17 18:06:46,77.05,34,65756.36,236.08,Centralized value-added hierarchy,0,Namibia,0
2066,2016-05-18 00:07:43,81.05,34,54045.39,245.5,Configurable asynchronous application,0,Malaysia,0
2067,2016-05-18 01:00:52,87.14,31,58235.21,199.4,Up-sized bifurcated capability,1,Timor-Leste,0
2068,2016-05-18 03:19:03,49.84,38,67781.31,135.24,Phased hybrid superstructure,1,United Arab Emirates,1
2069,2016-05-18 19:33:51,79.83,29,55764.43,234.23,Innovative regional groupware,1,Sudan,0
2070,2016-05-19 03:52:24,77.56,38,63336.85,130.83,Right-sized multi-tasking solution,1,Uganda,1
2071,2016-05-19 03:52:24,68.11,28,,114.53,Synchronized multimedia model,0,Brunei Darussalam,0
2072,2016-05-19 04:23:41,62.06,44,,214.49,Grass-roots transitional flexibility,1,Brazil,0
2073,2016-05-19 04:23:41,45.48,49,53336.76,129.16,Networked client-server solution,1,Lao People's Democratic Republic,1
2074,2016-05-19 06:37:38,52.67,44,14775.5,191.26,Persevering 5thgeneration knowledge user,0,Jersey,1
2075,2016-05-19 06:37:38,55.35,34,,246.29,Intuitive modular system engine,0,Korea,0
2076,2016-05-19 09:30:12,76.2,39,,148.19,Ameliorated contextually-based collaboration,0,Taiwan,1
2077,2016-05-19 09:30:12,81.51,41,53412.32,250.03,Future-proofed modular utilization,0,Guinea,0
2078,2016-05-19 11:16:59,75.64,32,,222.08,Monitored content-based implementation,0,Yemen,1
2079,2016-05-19 11:16:59,72.19,33,61275.18,250.35,Synchronized national infrastructure,1,Saint Lucia,0
2080,2016-05-19 14:30:17,59.99,23,59761.56,226.74,Sharable client-driven software,1,Norway,0
2081,2016-05-20 00:00:48,62.18,33,65899.68,126.44,Reactive impactful challenge,0,Hungary,1
2082,2016-05-20 08:49:33,69.08,26,,258.06,Programmable empowering middleware,0,Belize,1
2083,2016-05-20 08:49:33,41.49,52,32635.7,164.83,Mandatory disintermediate utilization,0,Burundi,1
2084,2016-05-20 12:17:28,63.43,39,,129.01,Advanced systemic productivity,1,Guyana,0
2085,2016-05-20 12:17:28,69.96,31,73413.87,214.06,Realigned tangible collaboration,1,Netherlands,0
2086,2016-05-20 12:17:59,79.72,28,66025.11,193.8,Configurable tertiary budgetary management,1,Albania,0
2087,2016-05-20 12:17:59,66.79,40,,239.22,Operative secondary functionalities,1,Greece,1
2088,2016-05-20 21:31:24,82.73,33,54541.56,238.99,Grass-roots impactful system engine,1,Qatar,0
2089,2016-05-21 01:36:16,88.72,54,,119.3,Enhanced maximized access,0,Ukraine,1
2090,2016-05-21 01:36:16,47.51,51,53700.57,130.41,Managed well-modulated collaboration,1,American Samoa,1
2091,2016-05-22 00:01:58,69.97,28,55041.6,250.0,Mandatory 3rdgeneration moderator,0,Holy See (Vatican City State),0
2092,2016-05-22 15:17:25,73.27,28,67301.39,216.24,Front-line multi-state hub,1,Luxembourg,0
2093,2016-05-22 20:49:37,70.03,26,64264.25,227.72,Versatile 4thgeneration system engine,1,Samoa,0
2094,2016-05-22 21:54:23,87.26,32,,154.77,Customizable mission-critical adapter,0,Tonga,1
2095,2016-05-22 21:54:23,83.4,34,66691.23,207.87,Polarized multimedia system engine,0,Azerbaijan,0
2096,2016-05-23 00:32:54,41.53,42,67575.12,158.81,Optional tangible productivity,0,Mayotte,1
2097,2016-05-23 00:32:54,72.07,49,,256.09,Innovative homogeneous alliance,1,South Africa,1
2098,2016-05-23 02:15:04,85.86,34,63115.34,208.23,Networked high-level structure,0,Bouvet Island (Bouvetoya),0
2099,2016-05-23 08:06:24,41.46,42,52177.4,128.98,Integrated impactful groupware,1,Malta,1
2100,2016-05-23 21:00:45,80.09,31,66636.84,214.08,Pre-emptive systematic budgetary management,0,Sweden,0
2101,2016-05-23 21:00:45,74.32,29,,156.11,Configurable dynamic adapter,1,Albania,1
2102,2016-05-23 21:14:38,67.56,37,,250.03,Object-based leadingedge complexity,1,Guam,0
2103,2016-05-23 21:14:38,74.32,33,62060.11,128.17,Monitored real-time superstructure,0,South Africa,1
2104,2016-05-24 09:50:41,38.65,31,51812.71,154.77,Total even-keeled architecture,1,Iceland,1
2105,2016-05-24 09:50:41,64.88,35,,108.7,Right-sized logistical middleware,1,Qatar,0
2106,2016-05-24 10:04:39,80.64,26,46974.15,221.59,Vision-oriented real-time framework,0,Luxembourg,0
2107,2016-05-24 10:04:39,87.16,38,,200.58,Managed impactful definition,1,Tokelau,0
2108,2016-05-24 10:16:38,82.69,29,61161.29,167.41,Fully-configurable eco-centric frame,1,Georgia,0
2109,2016-05-24 13:30:38,62.95,60,36752.24,157.04,Polarized tangible collaboration,0,Peru,1
2110,2016-05-24 17:07:08,71.4,30,72188.9,166.31,Integrated 3rdgeneration monitoring,0,Japan,0
2111,2016-05-24 17:42:58,67.76,31,66176.97,242.59,Programmable high-level benchmark,0,Cameroon,0
2112,2016-05-24 18:35:58,69.78,29,70410.11,218.79,Multi-layered non-volatile Graphical User Interface,0,Saudi Arabia,0
2113,2016-05-25 00:19:57,56.89,37,37334.78,109.29,Open-source coherent policy,1,Wallis and Futuna,1
2114,2016-05-25 00:34:59,44.16,42,61690.93,133.42,Innovative interactive portal,1,Spain,1
2115,2016-05-25 10:39:28,51.65,31,58996.56,249.99,Virtual context-sensitive support,0,Ireland,0
2116,2016-05-25 19:45:16,43.63,38,61757.12,135.25,Quality-focused maximized extranet,1,Korea,1
2117,2016-05-25 20:10:02,87.29,40,,171.62,Proactive interactive service-desk,0,Canada,1
2118,2016-05-25 20:10:02,37.87,52,56394.82,188.56,Phased analyzing emulation,1,Gambia,1
2119,2016-05-26 06:03:57,53.22,44,44307.18,108.85,Horizontal client-server database,0,United States Virgin Islands,1
2120,2016-05-26 10:33:00,45.7,33,67384.31,151.12,Self-enabling multimedia system engine,1,Switzerland,1
2121,2016-05-26 13:18:30,73.38,53,,214.23,Progressive clear-thinking open architecture,1,Croatia,0
2122,2016-05-26 13:18:30,71.76,35,69285.69,237.39,Customizable zero-defect matrix,0,Saint Pierre and Miquelon,0
2123,2016-05-26 13:28:36,76.76,25,50468.36,230.77,Secured uniform instruction set,1,Niue,0
2124,2016-05-26 13:43:05,43.59,36,58849.77,132.31,Re-engineered context-sensitive knowledge user,1,Congo,1
2125,2016-05-26 13:43:05,81.46,45,,215.04,Advanced exuding conglomeration,0,Russian Federation,0
2126,2016-05-26 15:40:12,62.26,37,77988.71,166.19,Vision-oriented uniform knowledgebase,0,Malawi,0
2127,2016-05-26 15:40:26,77.6,24,58151.87,197.33,Open-architected system-worthy task-force,1,Anguilla,0
2128,2016-05-26 22:49:47,41.82,41,24852.9,156.36,Phased transitional instruction set,0,Iran,1
2129,2016-05-26 22:49:47,52.35,23,,198.11,Versatile 6thgeneration parallelism,1,Saint Martin,1
2130,2016-05-27 05:23:26,64.38,19,52530.1,180.47,Configurable dynamic secured line,1,Gabon,0
2131,2016-05-27 05:35:27,81.99,48,,146.19,Cross-platform zero-defect structure,0,Uzbekistan,1
2132,2016-05-27 05:35:27,41.7,39,42898.21,126.95,Innovative regional structure,0,China,1
2133,2016-05-27 05:54:03,78.32,33,,173.05,Cloned dedicated analyzer,0,Romania,0
2134,2016-05-27 05:54:03,67.26,57,25682.65,168.41,Focused incremental Graphic Interface,1,Bulgaria,1
2135,2016-05-27 06:19:27,86.69,34,62238.58,198.56,Customer-focused attitude-oriented instruction set,0,Chad,0
2136,2016-05-27 08:53:51,61.76,34,33553.9,114.69,Open-source local approach,0,Jamaica,1
2137,2016-05-27 12:45:37,37.74,40,65773.49,190.95,Balanced uniform algorithm,0,Denmark,1
2138,2016-05-27 15:25:52,78.74,28,64828.0,204.79,Public-key foreground groupware,1,Monaco,0
2139,2016-05-27 18:45:35,59.52,44,67511.86,251.08,Managed 5thgeneration time-frame,1,Bolivia,0
2140,2016-05-27 18:45:35,81.37,27,,207.87,Realigned scalable standardization,0,Netherlands,0
2141,2016-05-28 12:20:15,63.6,38,,242.37,Universal incremental array,0,Andorra,1
2142,2016-05-28 12:20:15,83.89,28,60188.38,180.88,Ameliorated intermediate Graphical User Interface,1,Hong Kong,0
2143,2016-05-28 12:38:37,39.53,44,,252.07,Networked logistical info-mediaries,0,Bahamas,1
2144,2016-05-28 12:38:37,48.09,33,19345.36,180.42,Balanced motivating help-desk,0,Heard Island and McDonald Islands,1
2145,2016-05-28 20:41:50,78.54,35,72524.86,172.1,Multi-channeled asynchronous open system,0,Togo,0
2146,2016-05-28 20:41:50,36.49,23,,192.6,Pre-emptive next generation Internet solution,0,Denmark,0
2147,2016-05-29 07:29:27,57.76,29,,110.57,Vision-oriented multi-tasking success,0,Kyrgyz Republic,1
2148,2016-05-29 07:29:27,84.71,32,61610.05,210.23,Reactive responsive emulation,0,Taiwan,0
2149,2016-05-29 18:12:00,75.03,34,35764.49,255.57,Networked local secured line,0,Uruguay,1
2150,2016-05-29 21:17:10,76.87,27,54774.77,235.35,Configurable fault-tolerant monitoring,1,Kyrgyz Republic,0
2151,2016-05-30 02:34:25,75.65,39,64021.55,247.9,Organized upward-trending contingency,1,Bahrain,0
2152,2016-05-30 02:34:25,71.23,55,,153.69,Public-key non-volatile implementation,1,Ethiopia,1
2153,2016-05-30 07:36:31,55.2,39,76560.59,159.46,Exclusive zero tolerance alliance,1,United States of America,1
2154,2016-05-30 08:02:27,59.7,22,,189.91,Public-key bi-directional Graphical User Interface,1,Moldova,1
2155,2016-05-30 08:02:27,61.88,45,38260.89,108.18,Balanced disintermediate conglomeration,0,Afghanistan,1
2156,2016-05-30 08:02:35,68.25,33,76480.16,198.86,Organic well-modulated database,1,Vanuatu,0
2157,2016-05-30 08:35:54,79.89,30,50356.06,241.38,Synergized uniform hierarchy,1,United States of America,0
2158,2016-05-30 18:08:19,38.1,34,60641.09,214.38,Optional secondary access,1,Philippines,1
2159,2016-05-30 20:07:59,46.04,32,65499.93,147.92,Universal transitional Graphical User Interface,0,Serbia,1
2160,2016-05-30 20:08:51,66.03,46,,208.58,Function-based optimizing protocol,1,Central African Republic,0
2161,2016-05-30 20:08:51,62.79,36,18368.57,231.87,Total coherent archive,1,Luxembourg,1
2162,2016-05-30 21:22:22,81.45,31,66027.31,205.84,Triple-buffered human-resource complexity,1,Mali,0
2163,2016-05-31 00:58:37,82.49,45,38645.4,130.84,Assimilated multi-state paradigm,0,Dominican Republic,1
2164,2016-05-31 00:58:37,72.76,25,,248.19,Self-enabling tertiary challenge,1,Barbados,0
2165,2016-05-31 02:17:18,74.87,52,43698.53,126.97,Public-key non-volatile implementation,0,Saint Barthelemy,1
2166,2016-05-31 06:21:02,36.44,39,52400.88,147.64,Configurable disintermediate throughput,1,Estonia,1
2167,2016-05-31 09:06:29,54.43,37,75180.2,154.74,Balanced contextually-based pricing structure,1,Luxembourg,1
2168,2016-05-31 11:44:45,79.81,24,56194.56,178.85,Proactive context-sensitive project,1,Antigua and Barbuda,1
2169,2016-05-31 17:50:15,40.88,33,48554.45,136.18,Networked non-volatile synergy,1,Costa Rica,1
2170,2016-05-31 21:41:46,55.92,24,33951.63,145.08,Focused systemic benchmark,0,Fiji,1
2171,2016-05-31 21:41:46,72.97,45,,142.81,Focused high-level frame,0,Cyprus,0
2172,2016-05-31 23:32:00,54.37,55,,216.5,Cross-group global orchestration,0,Micronesia,0
2173,2016-05-31 23:32:00,66.03,22,59422.47,217.37,Pre-emptive next generation strategy,0,American Samoa,0
2174,2016-05-31 23:42:26,76.24,40,75524.78,198.32,Managed impactful definition,1,Burkina Faso,0
2175,2016-06-01 03:17:50,44.33,41,,176.28,Profit-focused dedicated utilization,0,United States of America,1
2176,2016-06-01 03:17:50,69.77,54,57667.99,132.27,Face-to-face dedicated flexibility,0,Malta,1
2177,2016-06-01 03:44:42,65.1,49,59457.52,118.1,Up-sized real-time methodology,1,Bulgaria,1
2178,2016-06-01 09:27:34,63.6,23,51864.77,235.28,Centralized logistical secured line,1,Serbia,0
2179,2016-06-01 12:27:17,39.53,33,40243.82,142.21,Intuitive transitional artificial intelligence,1,Central African Republic,1
2180,2016-06-01 16:10:30,34.96,42,36913.51,160.49,Right-sized mobile initiative,1,Macedonia,1
2181,2016-06-01 16:10:30,84.95,35,,204.27,Intuitive radical forecast,0,Wallis and Futuna,0
2182,2016-06-02 04:14:37,54.08,36,53012.94,111.02,Innovative cohesive pricing structure,1,Mayotte,1
2183,2016-06-02 04:14:37,59.64,36,,219.79,Configurable 24/7 hub,0,Hungary,0
2184,2016-06-02 21:02:22,77.95,31,62572.88,233.65,Inverse asymmetric instruction set,1,Bahamas,0
2185,2016-06-02 22:16:08,48.03,40,25598.75,134.6,Networked stable array,1,Malta,1
2186,2016-06-03 00:55:23,45.96,45,66281.46,141.22,Streamlined cohesive conglomeration,0,Christmas Island,1
2187,2016-06-03 01:14:41,69.57,48,51636.92,113.12,Centralized content-based focus group,1,Egypt,1
2188,2016-06-03 03:36:18,68.37,35,73889.99,225.58,Robust logistical utilization,0,Iceland,0
2189,2016-06-03 03:36:18,78.24,29,,235.35,Vision-oriented contextually-based extranet,1,Libyan Arab Jamahiriya,1
2190,2016-06-03 04:51:46,78.41,33,55368.67,248.23,Multi-lateral 24/7 Internet solution,1,Mozambique,0
2191,2016-06-03 06:34:44,65.65,25,63879.72,224.92,Intuitive explicit firmware,1,Cook Islands,0
2192,2016-06-03 07:00:36,81.17,30,57195.96,231.91,Optimized static archive,1,United States Minor Outlying Islands,0
2193,2016-06-03 07:00:36,60.53,22,,123.86,Cross-platform 4thgeneration focus group,0,Cuba,1
2194,2016-06-03 17:32:47,83.49,33,66574.0,190.75,Polarized logistical hub,1,Cambodia,0
2195,2016-06-03 17:32:47,82.12,54,,132.66,Triple-buffered human-resource complexity,1,Cuba,1
2196,2016-06-03 21:43:21,45.01,26,29875.8,178.35,Virtual 5thgeneration emulation,0,Brazil,1
2197,2016-06-04 09:13:29,36.62,36,,163.0,Front-line incremental access,0,Guyana,1
2198,2016-06-04 09:13:29,80.46,29,56909.3,230.78,Mandatory coherent groupware,0,India,0
2199,2016-06-04 09:25:27,81.98,34,67432.49,212.88,Up-sized maximized model,0,Saint Martin,0
